MuestraAnonima,Fecha,Zona_analitica,Veta,Labor,Nivel,Tipo,Potencia_m,Au_g_t,Este_rel_m,Norte_rel_m,Cota,Tramo_espacial
M-0001,2024-01-16,ALPACAY,ALPACAY,GA9950,,SISTEMATICO,0.18,8.203333333333335,177.6927999999607,30.10840000025928,902.55,Principal
M-0002,2024-01-16,ALPACAY,ALPACAY,GA9950,,SISTEMATICO,0.05,14.176666666666668,175.936299999943,30.802500000223517,902.55,Principal
M-0003,2024-01-16,ALPACAY,ALPACAY,GA9950,,SISTEMATICO,0.15,18.043333333333333,174.0677999999607,30.992999999783933,902.55,Principal
M-0004,2024-01-16,ALPACAY,ALPACAY,GA9950,,SISTEMATICO,0.16,23.14,172.1931999999797,31.13729999959469,902.55,Principal
M-0005,2024-01-16,ALPACAY,ALPACAY,GA9950,,SISTEMATICO,0.07,22.38,170.30929999996442,31.23049999959767,902.55,Principal
M-0006,2024-01-16,ALPACAY,ALPACAY,GA9950,,SISTEMATICO,0.12,10.2,168.40700000000652,31.310399999842048,902.55,Principal
M-0007,2024-01-16,ALPACAY,ALPACAY,GA9950,,SISTEMATICO,0.06,43.156666666666666,166.62069999997038,31.971300000324845,902.55,Principal
M-0008,2024-01-16,ALPACAY,ALPACAY,GA9950,,SISTEMATICO,0.05,0.15,164.88219999999274,32.691300000064075,902.55,Principal
M-0009,2024-01-16,ALPACAY,ALPACAY,GA9950,,SISTEMATICO,0.06,0.04666666666666666,163.0174999999581,33.01049999985844,902.55,Principal
M-0010,2024-02-18,ALPACAY,ALPACAY,GA9950,,SISTEMATICO,0.03,0.05,161.19439999992028,33.51009999960661,902.55,Principal
M-0011,2024-02-18,ALPACAY,ALPACAY,GA9950,,SISTEMATICO,0.04,0.05,159.37839999992866,34.017099999822676,902.55,Principal
M-0012,2024-02-18,ALPACAY,ALPACAY,GA9950,,SISTEMATICO,0.1,0.8666666666666667,157.49529999995138,34.23699999973178,902.55,Principal
M-0013,2024-02-18,ALPACAY,ALPACAY,GA9950,,SISTEMATICO,0.06,0.7033333333333334,155.62879999994766,34.55929999984801,902.55,Principal
M-0014,2024-02-18,ALPACAY,ALPACAY,GA9950,,SISTEMATICO,0.12,1.2633333333333334,153.74989999993704,34.71459999959916,902.55,Principal
M-0015,2024-02-18,ALPACAY,ALPACAY,GA9950,,SISTEMATICO,0.05,41.733333333333334,151.86060000001453,34.774400000460446,902.55,Principal
M-0016,2024-02-18,ALPACAY,ALPACAY,GA9950,,SISTEMATICO,0.03,0.99,149.97879999992438,34.69570000004023,902.55,Principal
M-0017,2024-02-18,ALPACAY,ALPACAY,GA9950,,SISTEMATICO,0.05,0.13333333333333333,148.11069999996107,34.404799999669194,902.55,Principal
M-0018,2024-02-18,ALPACAY,ALPACAY,GA9950,,SISTEMATICO,0.06,0.16666666666666666,146.3275999999605,35.05009999964386,902.55,Principal
M-0019,2024-02-18,ALPACAY,ALPACAY,GA9950,,SISTEMATICO,0.12,0.5966666666666666,144.50520000001416,35.59979999996722,902.55,Principal
M-0020,2024-12-19,ALPACAY,ALPACAY,GA9950,,SISTEMATICO,0.06,0.15,122.12780000001658,35.533800000324845,902.55,Principal
M-0021,2025-01-20,ALPACAY,ALPACAY,GA9950,,SISTEMATICO,0.3,0.05,117.73899999994319,40.317800000309944,902.6,Principal
M-0022,2025-01-20,ALPACAY,ALPACAY,GA9950,,SISTEMATICO,0.07,0.05,116.63549999997485,41.96250000037253,902.6,Principal
M-0023,2025-01-20,ALPACAY,ALPACAY,GA9950,,SISTEMATICO,0.22,0.05,114.82589999993797,42.6304999999702,902.6,Principal
M-0024,2025-01-20,ALPACAY,ALPACAY,GA9950,,SISTEMATICO,0.13,0.05,112.93859999999404,43.14039999991655,902.6,Principal
M-0025,2025-01-20,ALPACAY,ALPACAY,GA9950,,SISTEMATICO,0.09,0.33,110.97279999998864,43.50719999987632,902.6,Principal
M-0026,2025-01-20,ALPACAY,ALPACAY,GA9950,,SISTEMATICO,0.4,0.26666666666666666,108.95439999992959,43.637799999676645,902.6,Principal
M-0027,2025-02-04,ALPACAY,ALPACAY,GA9950,,SISTEMATICO,0.9,2.066666666666667,107.08779999997932,44.053000000305474,902.6,Principal
M-0028,2025-02-04,ALPACAY,ALPACAY,GA9950,,SISTEMATICO,0.27,0.7666666666666667,105.34109999996144,44.52599999960512,902.6,Principal
M-0029,2025-02-04,ALPACAY,ALPACAY,GA9950,,SISTEMATICO,0.12,0.5966666666666666,103.33259999996517,44.57270000036806,902.6,Principal
M-0030,2025-02-12,ALPACAY,ALPACAY,GA9950,,SISTEMATICO,0.13,1.68,101.35800000000745,44.323200000450015,902.6,Principal
M-0031,2025-02-12,ALPACAY,ALPACAY,GA9950,,SISTEMATICO,0.2,1.9766666666666666,99.36159999994561,44.29229999985546,902.6,Principal
M-0032,2025-02-12,ALPACAY,ALPACAY,GA9950,,SISTEMATICO,0.15,13.736666666666668,97.34789999993518,44.342299999669194,902.6,Principal
M-0033,2025-02-12,ALPACAY,ALPACAY,GA9950,,SISTEMATICO,0.3,1.93,95.44149999995716,44.74899999983609,902.6,Principal
M-0034,2025-02-12,ALPACAY,ALPACAY,GA9950,,SISTEMATICO,0.31,1.82,93.43209999997634,44.96459999959916,902.6,Principal
M-0035,2025-02-17,ALPACAY,ALPACAY,GA9950,,SISTEMATICO,0.08,38.309999999999995,90.32699999993201,45.36629999987781,902.6,Principal
M-0036,2025-02-17,ALPACAY,ALPACAY,GA9950,,SISTEMATICO,0.04,17.916666666666668,88.32799999997951,45.460199999623,902.6,Principal
M-0037,2025-02-22,ALPACAY,ALPACAY,GA9950,,SISTEMATICO,0.03,0.7866666666666666,86.33539999998175,45.63229999970645,902.6,Principal
M-0038,2025-02-22,ALPACAY,ALPACAY,GA9950,,SISTEMATICO,0.14,9.046666666666665,84.4375,46.97939999960363,902.6,Principal
M-0039,2025-02-22,ALPACAY,ALPACAY,GA9950,,SISTEMATICO,0.15,3.433333333333333,82.48060000000987,47.594800000078976,902.6,Principal
M-0040,2025-02-22,ALPACAY,ALPACAY,GA9950,,SISTEMATICO,0.25,26.723333333333333,80.5060999999987,47.99170000012964,902.5,Principal
M-0041,2025-03-29,ALPACAY,ALPACAY,GA9950,,SISTEMATICO,0.09,41.29,72.80244733404834,49.16273084934801,902.6,Principal
M-0042,2025-03-29,ALPACAY,ALPACAY,GA9950,,SISTEMATICO,0.08,6.44,70.7956229436677,49.1531763933599,902.6,Principal
M-0043,2025-03-29,ALPACAY,ALPACAY,GA9950,,SISTEMATICO,0.27,21.5,68.86584864917677,49.519793027080595,902.6,Principal
M-0044,2025-03-29,ALPACAY,ALPACAY,GA9950,,SISTEMATICO,0.16,0.68,66.89033022860531,49.83618706744164,902.6,Principal
M-0045,2025-03-29,ALPACAY,ALPACAY,GA9950,,SISTEMATICO,0.12,0.38,64.9155535697937,49.91657832823694,902.6,Principal
M-0046,2025-03-29,ALPACAY,ALPACAY,GA9950,,SISTEMATICO,0.1,0.25,62.921462027938105,50.165676057338715,902.6,Principal
M-0047,2025-03-29,ALPACAY,ALPACAY,GA9950,,SISTEMATICO,0.12,19.34,60.94061027432326,50.48419076669961,902.6,Principal
M-0048,2025-03-29,ALPACAY,ALPACAY,GA9950,,SISTEMATICO,0.07,0.07,58.98438086814713,50.81023244187236,902.6,Principal
M-0049,2025-03-29,ALPACAY,ALPACAY,GA9950,,SISTEMATICO,0.1,13.29,56.98416551947594,50.78019733354449,902.6,Principal
M-0050,2025-03-29,ALPACAY,ALPACAY,GA9950,,SISTEMATICO,0.04,0.61,55.03959285560995,51.27058223634958,902.6,Principal
M-0051,2025-03-29,ALPACAY,ALPACAY,GA9950,,SISTEMATICO,0.17,0.3,53.06416299578268,51.74803229048848,902.6,Principal
M-0052,2025-03-29,ALPACAY,ALPACAY,GA9950,,SISTEMATICO,0.18,7.72,51.23100268363487,52.51474748272449,902.6,Principal
M-0053,2025-03-29,ALPACAY,ALPACAY,GA9950,,SISTEMATICO,0.03,1.01,49.39286989404354,53.26837014313787,902.6,Principal
M-0054,2025-03-29,ALPACAY,ALPACAY,GA9950,,SISTEMATICO,0.05,0.85,47.433580257580616,53.64421282708645,902.6,Principal
M-0055,2025-03-29,ALPACAY,ALPACAY,GA9950,,SISTEMATICO,0.09,1.67,45.44937002577353,53.876622434705496,902.6,Principal
M-0056,2025-03-29,ALPACAY,ALPACAY,GA9950,,SISTEMATICO,0.15,0.2,43.46342670475133,54.13522894773632,902.6,Principal
M-0057,2025-04-02,ALPACAY,ALPACAY,GA9950,,SISTEMATICO,0.15,1.35,41.489366191555746,54.48798477463424,902.6,Principal
M-0058,2025-04-02,ALPACAY,ALPACAY,GA9950,,SISTEMATICO,0.13,5.03,39.5312956153648,54.85838970914483,902.6,Principal
M-0059,2025-04-02,ALPACAY,ALPACAY,GA9950,,SISTEMATICO,0.18,46.16,37.5492730186088,55.161691159941256,902.6,Principal
M-0060,2025-04-02,ALPACAY,ALPACAY,GA9950,,SISTEMATICO,0.26,63.39,35.64837430708576,55.636726047843695,902.6,Principal
M-0061,2025-04-15,ALPACAY,ALPACAY,GA9950,,SISTEMATICO,0.1,1.81,34.14689364598598,55.64427399635315,902.6,Principal
M-0062,2025-04-15,ALPACAY,ALPACAY,GA9950,,SISTEMATICO,0.1,7.3,32.1483745011501,55.60332972090691,902.6,Principal
M-0063,2025-04-15,ALPACAY,ALPACAY,GA9950,,SISTEMATICO,0.15,10.39,30.152034800034016,55.48247607797384,902.6,Principal
M-0064,2025-04-15,ALPACAY,ALPACAY,GA9950,,SISTEMATICO,0.1,14.31,28.158796768984757,55.32755241822451,902.6,Principal
M-0065,2025-05-02,ALPACAY,ALPACAY,GA9950,,SISTEMATICO,0.23,7.22,26.17704373691231,55.08697970956564,902.6,Principal
M-0066,2025-05-02,ALPACAY,ALPACAY,GA9950,,SISTEMATICO,0.21,72.02,24.294706722954288,54.443118292838335,902.6,Principal
M-0067,2025-05-02,ALPACAY,ALPACAY,GA9950,,SISTEMATICO,0.1,48.59,22.391471189330332,53.80543035827577,902.6,Principal
M-0068,2025-05-02,ALPACAY,ALPACAY,GA9950,,SISTEMATICO,0.09,5.2,20.908634254476056,52.49741495214403,902.6,Principal
M-0069,2025-05-02,ALPACAY,ALPACAY,GA9950,,SISTEMATICO,0.12,15.0,19.256555730476975,51.70864383969456,902.6,Principal
M-0070,2025-05-02,ALPACAY,ALPACAY,GA9950,,SISTEMATICO,0.04,23.25,17.119959214585833,51.59051546640694,902.6,Principal
M-0071,2025-05-02,ALPACAY,ALPACAY,GA9950,,SISTEMATICO,0.04,0.38,15.135119104990736,51.82399496808648,902.6,Principal
M-0072,2025-05-02,ALPACAY,ALPACAY,GA9950,,SISTEMATICO,0.04,0.6199999999999999,13.15077096002642,52.015237151645124,902.6,Principal
M-0073,2025-05-02,ALPACAY,ALPACAY,GA9950,,SISTEMATICO,0.05,0.83,11.216316417674534,52.52306155394763,902.6,Principal
M-0074,2025-05-05,ALPACAY,ALPACAY,GA9920,,SISTEMATICO,0.13,0.09000000000000001,341.61509999993723,2.9259999999776483,902.0302,Alejado
M-0075,2025-05-18,ALPACAY,ALPACAY,GA9920,,SISTEMATICO,0.05,7.706666666666666,338.420999999973,3.724399999715388,902.35,Alejado
M-0076,2025-05-18,ALPACAY,ALPACAY,GA9920,,SISTEMATICO,0.08,7.053333333333334,340.37509999994654,3.339100000448525,902.35,Alejado
M-0077,2025-05-18,ALPACAY,ALPACAY,GA9920,,SISTEMATICO,0.05,0.05333333333333334,342.31160000001546,2.853400000371039,902.35,Alejado
M-0078,2025-05-18,ALPACAY,ALPACAY,GA9920,,SISTEMATICO,0.05,0.1366666666666667,344.22159999993164,2.2626000000163913,902.35,Alejado
M-0079,2025-05-18,ALPACAY,ALPACAY,GA9920,,SISTEMATICO,0.04,2.1633333333333336,346.2060000000056,1.9691000003367662,902.35,Alejado
M-0080,2025-05-18,ALPACAY,ALPACAY,GA9920,,SISTEMATICO,0.05,10.116666666666667,348.20649999997113,1.9126000003889203,902.35,Alejado
M-0081,2025-05-18,ALPACAY,ALPACAY,GA9920,,SISTEMATICO,0.05,0.47,350.204000000027,1.8161000004038215,902.35,Alejado
M-0082,2025-05-18,ALPACAY,ALPACAY,GA9920,,SISTEMATICO,0.04,1.9366666666666668,352.20349999994505,1.8092000000178814,902.35,Alejado
M-0083,2025-05-18,ALPACAY,ALPACAY,GA9920,,SISTEMATICO,0.05,0.5066666666666666,354.48470000003,1.8174999998882413,902.35,Alejado
M-0084,2025-05-24,ALPACAY,ALPACAY,GA9920,,SISTEMATICO,0.12,0.7200000000000001,355.2927999999374,1.2627999996766448,902.35,Alejado
M-0085,2025-05-24,ALPACAY,ALPACAY,GA9920,,SISTEMATICO,0.13,0.2,357.54839999997057,0.8005999997258186,902.35,Alejado
M-0086,2025-05-24,ALPACAY,ALPACAY,GA9920,,SISTEMATICO,0.07,4.1433333333333335,359.91419999999925,0.6986999996006489,902.35,Alejado
M-0087,2025-05-26,ALPACAY,ALPACAY,GA9920,,SISTEMATICO,0.1,1.5466666666666666,361.45880000002217,0.5189000004902482,902.35,Alejado
M-0088,2025-05-26,ALPACAY,ALPACAY,GA9920,,SISTEMATICO,0.18,0.3266666666666666,364.38670000003185,0.80489999987185,902.35,Alejado
M-0089,2025-05-28,ALPACAY,ALPACAY,GA9920,900.0,SISTEMATICO,0.06,1.8933333333333335,366.3283999999985,0.0,902.35,Alejado
M-0090,2025-05-28,ALPACAY,ALPACAY,GA9920,900.0,SISTEMATICO,0.07,0.6966666666666667,366.3674999999348,0.7852999996393919,902.35,Alejado
M-0091,2025-05-31,ALPACAY,ALPACAY,TJ0279,,SISTEMATICO,0.47,2.74,213.57681134995073,16.27727985009551,935.02316186,Principal
M-0092,2025-05-31,ALPACAY,ALPACAY,TJ0279,,SISTEMATICO,0.19,131.7,215.6154546199832,16.353971740230918,935.02316186,Principal
M-0093,2025-05-31,ALPACAY,ALPACAY,TJ0279,,SISTEMATICO,0.11,96.10499999999999,217.53055618994404,16.39336314983666,935.02316186,Principal
M-0094,2025-05-31,ALPACAY,ALPACAY,TJ0279,,SISTEMATICO,0.26,5.279999999999999,219.4243575599976,15.654856899753213,935.02316186,Principal
M-0095,2025-05-31,ALPACAY,ALPACAY,TJ0279,,SISTEMATICO,0.13,24.69,221.49929375993088,15.369591570459306,935.02316186,Principal
M-0096,2025-05-31,ALPACAY,ALPACAY,TJ0279,,SISTEMATICO,0.2,61.205,223.2245855500223,14.85223693959415,935.02316186,Principal
M-0097,2025-05-31,ALPACAY,ALPACAY,TJ0279,,SISTEMATICO,0.18,26.090000000000003,225.23419376998208,15.13000997994095,935.02316186,Principal
M-0098,2025-05-31,ALPACAY,ALPACAY,TJ0279,,SISTEMATICO,0.14,12.01,227.22626238001976,14.902717269957066,935.02316186,Principal
M-0099,2025-05-31,ALPACAY,ALPACAY,TJ0279,,SISTEMATICO,0.13,59.525,229.6056067799218,14.7414526399225,935.02316186,Principal
M-0100,2025-05-31,ALPACAY,ALPACAY,TJ0279,,SISTEMATICO,0.07,10.965,231.42000615992583,14.65389281976968,935.02316186,Principal
M-0101,2025-05-31,ALPACAY,ALPACAY,TJ0279,,SISTEMATICO,0.14,0.645,233.43386425997596,14.569520279765129,935.02316186,Principal
M-0102,2025-05-31,ALPACAY,ALPACAY,TJ0279,,SISTEMATICO,0.04,0.375,235.3584810399916,14.667303510010242,935.02316186,Principal
M-0103,2025-05-31,ALPACAY,ALPACAY,TJ0279,,SISTEMATICO,0.22,15.84,237.37644372996874,14.816250430420041,935.02316186,Principal
M-0104,2025-05-31,ALPACAY,ALPACAY,TJ0279,,SISTEMATICO,0.19,4.04,239.41731019993313,14.71877321973443,935.02316186,Principal
M-0105,2025-05-31,ALPACAY,ALPACAY,TJ0279,,SISTEMATICO,0.12,10.75,241.34046579001006,14.683374130167067,935.02316186,Principal
M-0106,2025-06-03,ALPACAY,ALPACAY,TJ0279,,SISTEMATICO,0.08,1.5333333333333334,208.38295271003153,16.85336131043732,931.14317711,Principal
M-0107,2025-06-03,ALPACAY,ALPACAY,TJ0279,,SISTEMATICO,0.9,7.256666666666667,206.479117579991,17.041776590049267,931.14317711,Principal
M-0108,2025-06-06,ALPACAY,ALPACAY,TJ0279,,SISTEMATICO,0.12,5.473333333333334,204.52652185002808,17.012948400340974,931.14317711,Principal
M-0109,2025-06-06,ALPACAY,ALPACAY,TJ0279,,SISTEMATICO,0.09,8.636666666666667,202.303314890014,16.934685019776225,931.14317711,Principal
M-0110,2025-06-06,ALPACAY,ALPACAY,TJ0279,,SISTEMATICO,0.07,1.2966666666666666,200.27193971001543,16.979376980103552,931.14317711,Principal
M-0111,2025-06-06,ALPACAY,ALPACAY,TJ0279,,SISTEMATICO,0.04,0.8833333333333333,198.6526709999889,16.75952162966132,931.14317711,Principal
M-0112,2025-06-06,ALPACAY,ALPACAY,TJ0279,,SISTEMATICO,0.1,26.193333333333335,196.65626721002627,16.71346857957542,931.14317711,Principal
M-0113,2025-06-06,ALPACAY,ALPACAY,TJ0279,,SISTEMATICO,0.09,3.99,194.55193320999388,16.61434544995427,931.14317711,Principal
M-0114,2025-06-06,ALPACAY,ALPACAY,TJ0279,,SISTEMATICO,0.15,5.533333333333333,192.46727699995972,16.833984290249646,931.14317711,Principal
M-0115,2025-06-06,ALPACAY,ALPACAY,TJ0279,,SISTEMATICO,0.13,7.043333333333333,190.5258601399837,16.829443220049143,931.14317711,Principal
M-0116,2025-06-06,ALPACAY,ALPACAY,TJ0279,,SISTEMATICO,0.21,6.756666666666666,188.56858433003072,17.44276881031692,931.14317711,Principal
M-0117,2025-06-06,ALPACAY,ALPACAY,TJ0279,,SISTEMATICO,0.08,0.25,186.70525351993274,17.898805749602616,931.14317711,Principal
M-0118,2025-06-06,ALPACAY,ALPACAY,TJ0279,,SISTEMATICO,0.05,0.11333333333333333,184.77308452001307,18.371690340340137,931.14317711,Principal
M-0119,2025-06-07,ALPACAY,ALPACAY,SN103,,SISTEMATICO,0.06,12.63,37.69059999997262,52.73170000035316,906.7484,Principal
M-0120,2025-06-07,ALPACAY,ALPACAY,SN103,,SISTEMATICO,0.06,0.11333333333333333,41.29629999992903,52.1288999998942,907.543,Principal
M-0121,2025-06-07,ALPACAY,ALPACAY,SN103,,SISTEMATICO,0.03,0.06333333333333332,47.35809999995399,50.142099999822676,907.2159,Principal
M-0122,2025-06-07,ALPACAY,ALPACAY,GA9920,,SISTEMATICO,0.07,1.01,367.73649999999907,0.5001999996602535,902.35,Alejado
M-0123,2025-06-07,ALPACAY,ALPACAY,GA9920,,SISTEMATICO,0.08,0.10333333333333333,370.7321000000229,0.007699999958276749,902.35,Alejado
M-0124,2025-06-07,ALPACAY,ALPACAY,GA9920,,SISTEMATICO,0.05,0.10333333333333333,373.87569999997504,0.8459000000730157,902.35,Alejado
M-0125,2025-06-16,ALPACAY,ALPACAY,SN103,,SISTEMATICO,0.08,1.0233333333333334,34.852599999983795,53.081799999810755,907.2641,Principal
M-0126,2025-06-16,ALPACAY,ALPACAY,SN103,,SISTEMATICO,0.09,22.953333333333333,32.89839999994729,53.43730000033975,907.6043,Principal
M-0127,2025-06-16,ALPACAY,ALPACAY,SN103,,SISTEMATICO,0.11,0.93,30.91279999993276,53.82510000001639,907.6043,Principal
M-0128,2025-06-16,ALPACAY,ALPACAY,SN103,,SISTEMATICO,0.06,0.8466666666666666,28.697799999965355,54.02560000028461,907.8515,Principal
M-0129,2025-06-16,ALPACAY,ALPACAY,SN103,,SISTEMATICO,0.09,0.25,26.807700000004843,54.18769999966025,907.7959,Principal
M-0130,2025-06-16,ALPACAY,ALPACAY,SN103,,SISTEMATICO,0.06,2.5966666666666662,24.803799999994226,54.043600000441074,907.8124,Principal
M-0131,2025-07-03,ALPACAY,ALPACAY,TJ0279,,SISTEMATICO,0.1,10.593333333333334,208.38295271003153,16.85336131043732,933.94953407,Principal
M-0132,2025-07-03,ALPACAY,ALPACAY,TJ0279,,SISTEMATICO,0.2,28.706666666666663,206.479117579991,17.041776590049267,933.94953407,Principal
M-0133,2025-07-03,ALPACAY,ALPACAY,TJ0279,,SISTEMATICO,0.1,13.303333333333335,204.52652185002808,17.012948400340974,933.94953407,Principal
M-0134,2025-07-03,ALPACAY,ALPACAY,TJ0279,,SISTEMATICO,0.1,9.943333333333333,202.303314890014,16.934685019776225,933.94953407,Principal
M-0135,2025-07-03,ALPACAY,ALPACAY,TJ0279,,SISTEMATICO,0.2,39.00333333333333,200.27193971001543,16.979376980103552,933.94953407,Principal
M-0136,2025-07-03,ALPACAY,ALPACAY,TJ0279,,SISTEMATICO,0.25,1.4366666666666668,198.6526709999889,16.75952162966132,933.94953407,Principal
M-0137,2025-07-03,ALPACAY,ALPACAY,TJ0279,,SISTEMATICO,0.16,13.846666666666666,196.65626721002627,16.71346857957542,933.94953407,Principal
M-0138,2025-07-03,ALPACAY,ALPACAY,TJ0279,,SISTEMATICO,0.24,1.1333333333333333,194.55193320999388,16.61434544995427,935.21212625,Principal
M-0139,2025-07-03,ALPACAY,ALPACAY,TJ0279,,SISTEMATICO,0.12,3.453333333333333,192.46727699995972,16.833984290249646,935.21212625,Principal
M-0140,2025-07-03,ALPACAY,ALPACAY,TJ0279,,SISTEMATICO,0.11,30.59666666666667,190.5258601399837,16.829443220049143,935.21212625,Principal
M-0141,2025-07-03,ALPACAY,ALPACAY,TJ0279,,SISTEMATICO,0.14,31.303333333333335,188.56858433003072,17.44276881031692,935.21212625,Principal
M-0142,2025-07-03,ALPACAY,ALPACAY,TJ0279,,SISTEMATICO,0.14,13.2,186.70525351993274,17.898805749602616,935.21212625,Principal
M-0143,2025-07-03,ALPACAY,ALPACAY,TJ0279,,SISTEMATICO,0.07,30.613333333333333,184.77308452001307,18.371690340340137,935.21212625,Principal
M-0144,2025-07-15,ALPACAY,ALPACAY,SN147,900.0,SISTEMATICO,0.15,83.23,78.88240000000224,47.52630000002682,906.378,Principal
M-0145,2025-07-15,ALPACAY,ALPACAY,SN147,900.0,SISTEMATICO,0.15,3.003333333333333,76.69310000003316,47.76439999975264,906.378,Principal
M-0146,2025-07-15,ALPACAY,ALPACAY,SN147,900.0,SISTEMATICO,0.22,72.64333333333335,76.69310000003316,47.76439999975264,906.378,Principal
M-0147,2025-07-15,ALPACAY,ALPACAY,SN147,900.0,SISTEMATICO,0.42,7.22,74.82149999996182,48.50619999971241,906.378,Principal
M-0148,2025-07-15,ALPACAY,ALPACAY,SN147,900.0,SISTEMATICO,0.25,13.116666666666667,71.55400000000373,48.93020000029355,906.7722,Principal
M-0149,2025-07-15,ALPACAY,ALPACAY,SN147,900.0,SISTEMATICO,0.15,8.830000000000002,69.34970000002068,49.384200000204146,906.7722,Principal
M-0150,2025-07-15,ALPACAY,ALPACAY,SN147,900.0,SISTEMATICO,0.22,0.3433333333333334,66.94900000002235,49.213700000196695,906.7722,Principal
M-0151,2025-07-21,ALPACAY,ALPACAY,TJ0279,900.0,SISTEMATICO,0.38,235.71,213.57681134995073,16.27727985009551,936.72529116,Principal
M-0152,2025-07-21,ALPACAY,ALPACAY,TJ0279,900.0,SISTEMATICO,0.4,34.925,215.6154546199832,16.353971740230918,936.72529116,Principal
M-0153,2025-07-21,ALPACAY,ALPACAY,TJ0279,900.0,SISTEMATICO,0.16,70.26,217.53055618994404,16.39336314983666,936.72529116,Principal
M-0154,2025-07-21,ALPACAY,ALPACAY,TJ0279,900.0,SISTEMATICO,0.45,48.53,219.4243575599976,15.654856899753213,936.72529116,Principal
M-0155,2025-07-21,ALPACAY,ALPACAY,TJ0279,900.0,SISTEMATICO,0.55,7.680000000000001,221.49929375993088,15.369591570459306,936.72529116,Principal
M-0156,2025-07-21,ALPACAY,ALPACAY,TJ0279,900.0,SISTEMATICO,0.5,153.04333333333335,223.2245855500223,14.85223693959415,936.72529116,Principal
M-0157,2025-07-21,ALPACAY,ALPACAY,TJ0279,900.0,SISTEMATICO,0.15,29.80666666666667,225.23419376998208,15.13000997994095,936.72529116,Principal
M-0158,2025-07-21,ALPACAY,ALPACAY,TJ0279,900.0,SISTEMATICO,0.15,8.046666666666667,227.22626238001976,14.902717269957066,936.72529116,Principal
M-0159,2025-07-21,ALPACAY,ALPACAY,TJ0279,900.0,SISTEMATICO,0.1,14.856666666666666,229.6056067799218,14.7414526399225,936.72529116,Principal
M-0160,2025-07-21,ALPACAY,ALPACAY,TJ0279,900.0,SISTEMATICO,0.16,16.846666666666668,231.42000615992583,14.65389281976968,936.72529116,Principal
M-0161,2025-07-21,ALPACAY,ALPACAY,TJ0279,900.0,SISTEMATICO,0.1,1.4566666666666668,233.43386425997596,14.569520279765129,936.72529116,Principal
M-0162,2025-07-21,ALPACAY,ALPACAY,TJ0279,900.0,SISTEMATICO,0.04,21.863333333333337,235.3584810399916,14.667303510010242,936.72529116,Principal
M-0163,2025-07-21,ALPACAY,ALPACAY,TJ0279,900.0,SISTEMATICO,0.1,1.9966666666666666,237.37644372996874,14.816250430420041,936.72529116,Principal
M-0164,2025-07-21,ALPACAY,ALPACAY,TJ0279,900.0,SISTEMATICO,0.32,25.940000000000005,239.41731019993313,14.71877321973443,936.72529116,Principal
M-0165,2025-07-21,ALPACAY,ALPACAY,TJ0279,900.0,SISTEMATICO,0.23,9.386666666666667,241.34046579001006,14.683374130167067,936.72529116,Principal
M-0166,2025-07-21,ALPACAY,ALPACAY,SN147,900.0,SISTEMATICO,0.08,47.906666666666666,64.96149999997579,49.410199999809265,907.6985,Principal
M-0167,2025-07-21,ALPACAY,ALPACAY,SN147,900.0,SISTEMATICO,0.13,67.05,62.79449999995995,49.58990000002086,907.6985,Principal
M-0168,2025-07-21,ALPACAY,ALPACAY,SN147,900.0,SISTEMATICO,0.1,2.0633333333333335,60.79839999997057,49.71490000002086,907.6985,Principal
M-0169,2025-07-28,ALPACAY,ALPACAY,SN195,950.0,SISTEMATICO,0.34,7.273333333333334,128.18599999998696,33.50300000049174,926.86,Principal
M-0170,2025-07-28,ALPACAY,ALPACAY,SN195,950.0,SISTEMATICO,0.25,0.14,126.2139999999199,33.178000000305474,926.958,Principal
M-0171,2025-07-28,ALPACAY,ALPACAY,SN195,950.0,SISTEMATICO,0.32,0.3266666666666666,124.2149999999674,33.16500000003725,926.958,Principal
M-0172,2025-07-28,ALPACAY,ALPACAY,SN195,950.0,SISTEMATICO,0.15,0.7966666666666667,122.2149999999674,33.186999999918044,926.958,Principal
M-0173,2025-07-28,ALPACAY,ALPACAY,,950.0,SISTEMATICO,0.11,0.19333333333333333,130.16299999994226,33.80099999997765,926.86,Principal
M-0174,2025-07-28,ALPACAY,ALPACAY,TJ229,950.0,SISTEMATICO,0.04,65.59,177.09799999999814,29.06400000024587,928.289,Principal
M-0175,2025-07-28,ALPACAY,ALPACAY,TJ229,950.0,SISTEMATICO,0.03,0.3933333333333333,175.11699999996927,29.13800000026822,928.289,Principal
M-0176,2025-07-28,ALPACAY,ALPACAY,TJ229,950.0,SISTEMATICO,0.06,25.993333333333336,173.11800000001676,29.16899999976158,928.289,Principal
M-0177,2025-07-28,ALPACAY,ALPACAY,TJ229,950.0,SISTEMATICO,0.09,55.54666666666667,171.12199999997392,29.303000000305474,926.943,Principal
M-0178,2025-07-28,ALPACAY,ALPACAY,TJ229,950.0,SISTEMATICO,0.1,17.656666666666663,169.1350000000093,29.531000000424683,926.943,Principal
M-0179,2025-07-28,ALPACAY,ALPACAY,TJ229,950.0,SISTEMATICO,0.03,0.1633333333333333,167.14199999999255,29.683000000193715,926.943,Principal
M-0180,2025-07-28,ALPACAY,ALPACAY,TJ229,950.0,SISTEMATICO,0.03,2.1566666666666663,165.14899999997579,29.80599999986589,926.943,Principal
M-0181,2025-07-28,ALPACAY,ALPACAY,TJ229,950.0,SISTEMATICO,0.03,0.21666666666666667,161.1699999999255,30.154000000096858,926.943,Principal
M-0182,2025-07-28,ALPACAY,ALPACAY,TJ229,950.0,SISTEMATICO,0.03,0.17666666666666667,159.1929999999702,30.44400000013411,926.943,Principal
M-0183,2025-07-28,ALPACAY,ALPACAY,TJ229,950.0,SISTEMATICO,0.03,1.13,157.2049999999581,30.65000000037253,926.943,Principal
M-0184,2025-07-28,ALPACAY,ALPACAY,TJ229,950.0,SISTEMATICO,0.03,0.69,155.21199999994133,30.817999999970198,926.249,Principal
M-0185,2025-07-28,ALPACAY,ALPACAY,TJ229,950.0,SISTEMATICO,0.04,12.62,153.21899999992456,30.973000000230968,926.249,Principal
M-0186,2025-07-28,ALPACAY,ALPACAY,TJ229,950.0,SISTEMATICO,0.03,0.75,151.22600000002421,31.127000000327826,926.249,Principal
M-0187,2025-07-28,ALPACAY,ALPACAY,TJ229,950.0,SISTEMATICO,0.03,0.45,149.23600000003353,31.32299999985844,926.249,Principal
M-0188,2025-07-28,ALPACAY,ALPACAY,TJ229,950.0,SISTEMATICO,0.13,0.5266666666666667,147.2399999999907,31.412000000476837,926.249,Principal
M-0189,2025-07-28,ALPACAY,ALPACAY,TJ229,950.0,SISTEMATICO,0.03,0.32,145.28200000000652,31.813000000081956,926.567,Principal
M-0190,2025-07-28,ALPACAY,ALPACAY,TJ229,950.0,SISTEMATICO,0.04,3.1166666666666667,143.3389999999199,32.28899999987334,926.567,Principal
M-0191,2025-07-28,ALPACAY,ALPACAY,TJ229,950.0,SISTEMATICO,0.06,0.6133333333333333,141.3619999999646,32.5679999999702,926.567,Principal
M-0192,2025-07-28,ALPACAY,ALPACAY,TJ229,950.0,SISTEMATICO,0.04,0.6366666666666666,139.37099999992643,32.75700000021607,926.567,Principal
M-0193,2025-08-01,ALPACAY,ALPACAY,SN147,900.0,SISTEMATICO,0.06,4.55,81.98710000002757,47.103799999691546,906.056,Principal
M-0194,2025-08-01,ALPACAY,ALPACAY,SN147,900.0,SISTEMATICO,0.04,0.44,83.97430000000168,46.87800000049174,905.9694,Principal
M-0195,2025-08-01,ALPACAY,ALPACAY,SN147,900.0,SISTEMATICO,0.08,8.51,85.70389999996405,45.897699999623,906.306,Principal
M-0196,2025-08-01,ALPACAY,ALPACAY,SN147,900.0,SISTEMATICO,0.08,3.3766666666666665,87.40720000001602,44.85879999957979,906.2034,Principal
M-0197,2025-08-01,ALPACAY,ALPACAY,SN147,900.0,SISTEMATICO,0.2,34.266666666666666,89.32140000001527,44.36079999990761,906.3749,Principal
M-0198,2025-08-16,ALPACAY,ALPACAY,SN195,,SISTEMATICO,0.13,3.3033333333333332,120.2149999999674,33.186999999918044,927.322,Principal
M-0199,2025-08-16,ALPACAY,ALPACAY,SN195,,SISTEMATICO,0.14,132.64000000000001,118.2149999999674,33.186999999918044,927.501,Principal
M-0200,2025-08-16,ALPACAY,ALPACAY,SN195,,SISTEMATICO,0.15,3.723333333333333,116.2149999999674,33.186999999918044,927.634,Principal
M-0201,2025-08-16,ALPACAY,ALPACAY,SN195,,SISTEMATICO,0.11,3.09,114.22199999995064,33.26200000010431,927.702,Principal
M-0202,2025-08-16,ALPACAY,ALPACAY,SN147,,SISTEMATICO,0.1,0.44,91.32140000001527,44.36079999990761,906.6181,Principal
M-0203,2025-08-16,ALPACAY,ALPACAY,SN147,,SISTEMATICO,0.24,0.24000000000000002,93.31810000003316,44.25729999970645,906.5342,Principal
M-0204,2025-08-16,ALPACAY,ALPACAY,SN147,,SISTEMATICO,0.2,6.233333333333333,95.31409999995958,44.13009999971837,906.405,Principal
M-0205,2025-08-16,ALPACAY,ALPACAY,SN147,,SISTEMATICO,0.1,13.913333333333332,97.30589999991935,44.20230000000447,906.425,Principal
M-0206,2025-08-16,ALPACAY,ALPACAY,SN147,,SISTEMATICO,0.13,2.7866666666666666,99.29940000001807,44.309100000187755,906.5798,Principal
M-0207,2025-08-16,ALPACAY,ALPACAY,SN147,,SISTEMATICO,0.18,2.4433333333333334,101.29920000000857,44.279099999926984,906.683,Principal
M-0208,2025-09-06,ALPACAY,ALPACAY,SN195,900.0,SISTEMATICO,0.04,1.3233333333333333,112.25699999998324,33.63200000021607,927.771,Principal
M-0209,2025-09-06,ALPACAY,ALPACAY,SN195,900.0,SISTEMATICO,0.34,1.1966666666666665,110.28999999992084,33.99299999978393,927.84,Principal
M-0210,2025-09-06,ALPACAY,ALPACAY,SN195,900.0,SISTEMATICO,0.18,0.2733333333333334,108.30999999993946,34.274000000208616,927.91,Principal
M-0211,2025-09-06,ALPACAY,ALPACAY,SN195,900.0,SISTEMATICO,0.1,3.2033333333333336,106.32999999995809,34.55599999986589,927.98,Principal
M-0212,2025-09-06,ALPACAY,ALPACAY,SN195,900.0,SISTEMATICO,0.58,0.55,104.34999999997672,34.838000000454485,928.05,Principal
M-0213,2025-09-06,ALPACAY,ALPACAY,SN195,900.0,SISTEMATICO,0.19,4.336666666666667,102.3519999999553,34.87800000049174,928.089,Principal
M-0214,2025-09-06,ALPACAY,ALPACAY,SN195,900.0,SISTEMATICO,0.06,1.45,100.36699999996927,34.66799999959767,928.09,Principal
M-0215,2025-09-06,ALPACAY,ALPACAY,SN195,900.0,SISTEMATICO,0.17,14.75,98.375,34.49600000027567,928.09,Principal
M-0216,2025-09-06,ALPACAY,ALPACAY,SN195,900.0,SISTEMATICO,0.11,36.17333333333333,96.37899999995716,34.50800000037998,928.09,Principal
M-0217,2025-09-06,ALPACAY,ALPACAY,SN195,900.0,SISTEMATICO,0.13,3.63,94.38300000003073,34.62999999988824,928.09,Principal
M-0218,2025-09-06,ALPACAY,ALPACAY,SN195,900.0,SISTEMATICO,0.25,15.57,92.38699999998789,34.74600000027567,928.09,Principal
M-0219,2025-09-06,ALPACAY,ALPACAY,SN195,900.0,SISTEMATICO,0.16,111.97333333333333,90.39299999992363,34.59499999973923,928.09,Principal
M-0220,2025-09-06,ALPACAY,ALPACAY,SN195,900.0,SISTEMATICO,0.1,0.8933333333333333,88.39299999992363,34.59499999973923,928.09,Principal
M-0221,2025-09-07,ALPACAY,ALPACAY,TJ279,900.0,SISTEMATICO,0.32,30.483333333333334,211.62099999992643,17.976999999955297,943.548,Principal
M-0222,2025-09-07,ALPACAY,ALPACAY,TJ279,900.0,SISTEMATICO,0.13,94.86666666666666,213.61899999994785,17.940000000409782,944.161,Principal
M-0223,2025-09-07,ALPACAY,ALPACAY,TJ279,900.0,SISTEMATICO,0.1,26.05,215.60800000000745,17.739000000059605,944.673,Principal
M-0224,2025-09-07,ALPACAY,ALPACAY,TJ279,900.0,SISTEMATICO,0.17,27.189999999999998,217.53599999996368,17.218000000342727,944.792,Principal
M-0225,2025-09-07,ALPACAY,ALPACAY,TJ279,900.0,SISTEMATICO,0.04,15.196666666666667,219.45100000000093,16.644000000320375,944.9,Principal
M-0226,2025-09-07,ALPACAY,ALPACAY,TJ279,900.0,SISTEMATICO,0.2,3.3066666666666666,221.3869999999879,16.15500000026077,945.0,Principal
M-0227,2025-09-07,ALPACAY,ALPACAY,TJ279,900.0,SISTEMATICO,0.2,4.0633333333333335,223.35800000000745,15.81400000024587,945.102,Principal
M-0228,2025-09-07,ALPACAY,ALPACAY,TJ279,900.0,SISTEMATICO,0.24,0.8933333333333333,225.33299999998417,15.502000000327826,945.2,Principal
M-0229,2025-09-07,ALPACAY,ALPACAY,TJ279,900.0,SISTEMATICO,0.09,22.796666666666667,227.32600000000093,15.378999999724329,945.279,Principal
M-0230,2025-09-07,ALPACAY,ALPACAY,TJ279,900.0,SISTEMATICO,0.3,5.2,229.32099999999627,15.279000000096858,945.197,Principal
M-0231,2025-09-07,ALPACAY,ALPACAY,TJ279,900.0,SISTEMATICO,0.13,1.4466666666666665,231.27599999995437,14.860000000335276,945.126,Principal
M-0232,2025-09-07,ALPACAY,ALPACAY,TJ279,900.0,SISTEMATICO,0.1,19.279999999999998,233.24300000001676,14.50899999961257,945.058,Principal
M-0233,2025-09-07,ALPACAY,ALPACAY,TJ279,900.0,SISTEMATICO,0.12,9.126666666666667,235.2380000000121,14.524000000208616,944.991,Principal
M-0234,2025-09-07,ALPACAY,ALPACAY,TJ279,900.0,SISTEMATICO,0.18,12.5,237.22399999992922,14.294999999925494,945.05,Principal
M-0235,2025-09-07,ALPACAY,ALPACAY,TJ279,900.0,SISTEMATICO,0.1,29.396666666666665,239.21899999992456,14.156999999657273,945.382,Principal
M-0236,2025-09-07,ALPACAY,ALPACAY,TJ279,900.0,SISTEMATICO,0.04,12.16,241.21799999999348,14.08600000012666,944.635,Principal
M-0237,2025-09-08,ALPACAY,ALPACAY,TJ0279,900.0,SISTEMATICO,0.48,37.75,207.27599999995437,17.99199999962002,942.952,Principal
M-0238,2025-09-08,ALPACAY,ALPACAY,TJ0279,900.0,SISTEMATICO,0.07,15.673333333333334,205.27599999995437,17.998999999836087,942.848,Principal
M-0239,2025-09-08,ALPACAY,ALPACAY,TJ0279,900.0,SISTEMATICO,0.17,209.01333333333335,203.28099999995902,18.09499999973923,942.74,Principal
M-0240,2025-09-08,ALPACAY,ALPACAY,TJ0279,900.0,SISTEMATICO,0.11,3.6700000000000004,201.28200000000652,18.03000000026077,942.74,Principal
M-0241,2025-09-08,ALPACAY,ALPACAY,TJ0279,900.0,SISTEMATICO,0.18,6.4366666666666665,199.2839999999851,17.940999999642372,942.534,Principal
M-0242,2025-09-08,ALPACAY,ALPACAY,TJ0279,900.0,SISTEMATICO,0.09,0.7833333333333333,197.28799999994226,17.924999999813735,942.43,Principal
M-0243,2025-09-08,ALPACAY,ALPACAY,TJ0279,900.0,SISTEMATICO,0.15,0.5266666666666667,195.2949999999255,18.09499999973923,942.327,Principal
M-0244,2025-09-08,ALPACAY,ALPACAY,TJ0279,900.0,SISTEMATICO,0.14,15.516666666666667,191.3059999999823,18.356999999843538,942.218,Principal
M-0245,2025-12-15,ALPACAY,ALPACAY,SN304,850.0,SISTEMATICO,0.08,2.86,235.3229000000283,22.745799999684095,861.8488,Principal
M-0246,2025-12-15,ALPACAY,ALPACAY,SN304,850.0,SISTEMATICO,0.1,3.6166666666666667,233.33750000002328,22.981700000353158,861.8488,Principal
M-0247,2025-12-15,ALPACAY,ALPACAY,SN304,850.0,SISTEMATICO,0.1,0.6333333333333333,231.37320000003092,23.355999999679625,861.8488,Principal
M-0248,2025-12-15,ALPACAY,ALPACAY,SN304,850.0,SISTEMATICO,0.12,1.7366666666666668,227.43920000002254,24.074199999682605,861.8488,Principal
M-0249,2025-12-18,ALPACAY,ALPACAY,SN060,900.0,SISTEMATICO,0.1,8.863333333333335,13.449799999943934,48.84790000040084,960.0,Principal
M-0250,2025-12-18,ALPACAY,ALPACAY,SN060,900.0,SISTEMATICO,0.03,0.10333333333333333,11.572799999965355,49.53859999962151,960.0,Principal
M-0251,2025-12-18,ALPACAY,ALPACAY,SN060,900.0,SISTEMATICO,0.03,0.16,9.630000000004657,50.00300000049174,960.0,Principal
M-0252,2025-12-18,ALPACAY,ALPACAY,SN060,900.0,SISTEMATICO,0.1,0.4366666666666667,7.675700000021607,50.4281000001356,960.0,Principal
M-0253,2025-12-18,ALPACAY,ALPACAY,SN060,900.0,SISTEMATICO,0.13,4.236666666666666,5.756399999954738,50.988599999807775,960.0,Principal
M-0254,2025-12-18,ALPACAY,ALPACAY,SN060,900.0,SISTEMATICO,0.21,5.760000000000001,3.8402999999234453,51.561999999918044,960.0,Principal
M-0255,2025-12-18,ALPACAY,ALPACAY,SN060,900.0,SISTEMATICO,0.16,1.853333333333333,1.9201999999349937,52.121600000187755,960.0,Principal
M-0256,2025-12-18,ALPACAY,ALPACAY,SN001,900.0,SISTEMATICO,0.1,48.61,0.0,52.681099999696016,960.0,Principal
M-0257,2025-12-19,ALPACAY,ALPACAY,TJ147,900.0,SISTEMATICO,0.2,4.906666666666666,81.28191149001941,44.75128006003797,915.78897693,Principal
M-0258,2025-12-19,ALPACAY,ALPACAY,TJ147,900.0,SISTEMATICO,0.1,0.5233333333333333,83.24740702996496,44.366842470131814,915.78897693,Principal
M-0259,2025-12-19,ALPACAY,ALPACAY,TJ147,900.0,SISTEMATICO,0.12,28.54,85.12882789992727,43.725288569927216,915.78897693,Principal
M-0260,2025-12-19,ALPACAY,ALPACAY,TJ147,900.0,SISTEMATICO,0.16,6.36,86.95482927002013,42.90937251970172,915.78897693,Principal
M-0261,2025-12-19,ALPACAY,ALPACAY,TJ147,900.0,SISTEMATICO,0.14,10.65,88.79176685994025,42.1379910800606,915.78897693,Principal
M-0262,2025-12-19,ALPACAY,ALPACAY,TJ147,900.0,SISTEMATICO,0.1,7.41,90.78799962997437,42.015293249860406,915.78897693,Principal
M-0263,2025-12-19,ALPACAY,ALPACAY,TJ147,900.0,SISTEMATICO,0.14,14.323333333333334,92.78423238999676,41.89259541966021,915.78897693,Principal
M-0264,2025-12-19,ALPACAY,ALPACAY,TJ180,900.0,SISTEMATICO,0.09,0.17,106.60046920995228,41.640933570452034,915.80758535,Principal
M-0265,2025-12-19,ALPACAY,ALPACAY,TJ180,900.0,SISTEMATICO,0.26,0.11333333333333333,104.69234493002295,42.148771749809384,915.80758535,Principal
M-0266,2025-12-19,ALPACAY,ALPACAY,TJ180,900.0,SISTEMATICO,0.25,17.79666666666667,102.6923033199273,42.105265060439706,915.80758535,Principal
M-0267,2025-12-19,ALPACAY,ALPACAY,TJ180,900.0,SISTEMATICO,0.1,5.08,100.69252551998943,42.07545320969075,915.80758535,Principal
M-0268,2025-12-19,ALPACAY,ALPACAY,TJ147,900.0,SISTEMATICO,0.07,14.686666666666666,78.784217169974,45.1068180501461,914.57461429,Principal
M-0269,2025-12-19,ALPACAY,ALPACAY,TJ147,900.0,SISTEMATICO,0.04,1.6233333333333335,76.78944586997386,45.251343039795756,914.57461429,Principal
M-0270,2025-12-19,ALPACAY,ALPACAY,TJ147,900.0,SISTEMATICO,0.06,0.13333333333333333,74.79467456997372,45.39586803968996,914.57461429,Principal
M-0271,2025-12-19,ALPACAY,ALPACAY,TJ147,900.0,SISTEMATICO,0.03,0.39,70.84191709000152,45.99203892983496,914.57461429,Principal
M-0272,2025-12-19,ALPACAY,ALPACAY,TJ147,900.0,SISTEMATICO,0.04,12.02,68.85999133996665,46.25914919003844,914.57461429,Principal
M-0273,2025-12-19,ALPACAY,ALPACAY,TJ147,900.0,SISTEMATICO,0.05,39.59,66.89810719992965,46.51388810016215,914.57461429,Principal
M-0274,2025-12-19,ALPACAY,ALPACAY,TJ147,900.0,SISTEMATICO,0.23,3.23,64.89328981994186,46.774201639927924,914.57461429,Principal
M-0275,2025-12-19,ALPACAY,ALPACAY,TJ147,900.0,SISTEMATICO,0.03,1.6933333333333331,62.92117106996011,47.083089450374246,914.57461429,Principal
M-0276,2025-12-19,ALPACAY,ALPACAY,TJ147,900.0,SISTEMATICO,0.03,4.180000000000001,61.01136897993274,47.676937909796834,914.57461429,Principal
M-0277,2025-12-19,ALPACAY,ALPACAY,TJ103,900.0,SISTEMATICO,0.03,0.56,37.35719633998815,52.29344537016004,911.45840823,Principal
M-0278,2025-12-19,ALPACAY,ALPACAY,TJ103,900.0,SISTEMATICO,0.04,2.8133333333333335,39.247705599991605,51.641674970276654,911.45840823,Principal
M-0279,2025-12-19,ALPACAY,ALPACAY,TJ103,900.0,SISTEMATICO,0.14,0.63,41.17618682002649,51.13116534985602,911.45840823,Principal
M-0280,2025-12-19,ALPACAY,ALPACAY,TJ103,900.0,SISTEMATICO,0.4,3.6333333333333333,43.14157532993704,50.77542440965772,911.45840823,Principal
M-0281,2025-12-19,ALPACAY,ALPACAY,TJ103,900.0,SISTEMATICO,0.1,0.8466666666666666,49.13818064995576,50.582580329850316,911.45840823,Principal
M-0282,2025-12-19,ALPACAY,ALPACAY,TJ103,900.0,SISTEMATICO,0.09,2.33,51.137108749942854,50.51710931956768,911.45840823,Principal
M-0283,2025-12-19,ALPACAY,ALPACAY,TJ103,900.0,SISTEMATICO,0.09,0.8099999999999999,53.13241915998515,50.42702335957438,911.45840823,Principal
M-0284,2025-12-19,ALPACAY,ALPACAY,TJ103,900.0,SISTEMATICO,0.05,10.266666666666667,55.01156096998602,49.74231463018805,911.45840823,Principal
M-0285,2025-12-19,ALPACAY,ALPACAY,TJ103,900.0,SISTEMATICO,0.04,1.52,56.88976145000197,49.054158699698746,911.45840823,Principal
M-0286,2025-12-19,ALPACAY,ALPACAY,TJ103,900.0,SISTEMATICO,0.06,3.1,58.768903260002844,48.36944997031242,911.45840823,Principal
M-0287,2025-12-19,ALPACAY,ALPACAY,SN060,900.0,SISTEMATICO,0.04,2.6333333333333333,14.594700000016019,48.32589999958873,908.7629,Principal
M-0288,2025-12-19,ALPACAY,ALPACAY,SN060,900.0,SISTEMATICO,0.03,6.930000000000001,16.586000000010245,48.15110000036657,908.7629,Principal
M-0289,2025-12-20,ALPACAY,ALPACAY,SN304,850.0,SISTEMATICO,0.12,39.59,223.45429999998305,24.671099999919534,861.8488,Principal
M-0290,2025-12-20,ALPACAY,ALPACAY,SN304,850.0,SISTEMATICO,0.1,7.120000000000001,221.50769999995828,24.831899999640882,861.8488,Principal
M-0291,2025-12-20,ALPACAY,ALPACAY,SN304,850.0,SISTEMATICO,0.23,3.2933333333333334,219.5097999999998,24.700299999676645,861.8488,Principal
M-0292,2026-01-02,ALPACAY,ALPACAY,GA220,850.0,SISTEMATICO,0.03,0.23333333333333334,154.4714999999851,46.43350000027567,850.753,Principal
M-0293,2026-01-02,ALPACAY,ALPACAY,GA220,850.0,SISTEMATICO,0.03,0.08666666666666667,152.51319999992847,46.044700000435114,850.753,Principal
M-0294,2026-01-02,ALPACAY,ALPACAY,GA220,850.0,SISTEMATICO,0.03,0.14333333333333334,150.52939999999944,45.8238000003621,850.753,Principal
M-0295,2026-01-02,ALPACAY,ALPACAY,GA220,850.0,SISTEMATICO,0.03,0.9199999999999999,148.54960000002757,46.05319999996573,850.753,Principal
M-0296,2026-01-02,ALPACAY,ALPACAY,GA220,850.0,SISTEMATICO,0.03,0.06666666666666667,146.59679999994114,46.48489999957383,850.753,Principal
M-0297,2026-01-02,ALPACAY,ALPACAY,GA220,850.0,SISTEMATICO,0.03,0.11,144.6422999999486,46.9093000004068,850.753,Principal
M-0298,2026-01-02,ALPACAY,ALPACAY,GA220,850.0,SISTEMATICO,0.03,0.12000000000000001,142.68880000000354,47.33779999986291,850.753,Principal
M-0299,2026-01-02,ALPACAY,ALPACAY,GA220,850.0,SISTEMATICO,0.03,0.17666666666666667,140.74060000001919,47.787800000049174,850.753,Principal
M-0300,2026-01-02,ALPACAY,ALPACAY,GA220,850.0,SISTEMATICO,0.03,0.08,138.82319999998435,48.35670000035316,850.753,Principal
M-0301,2026-01-02,ALPACAY,ALPACAY,GA220,850.0,SISTEMATICO,0.03,0.16,136.88919999997597,48.865100000053644,850.753,Principal
M-0302,2026-01-02,ALPACAY,ALPACAY,GA220,850.0,SISTEMATICO,0.03,0.4566666666666667,134.99029999994673,49.48909999988973,850.753,Principal
M-0303,2026-01-02,ALPACAY,ALPACAY,GA220,850.0,SISTEMATICO,0.06,0.34,133.13509999995586,50.231399999931455,850.753,Principal
M-0304,2026-01-02,ALPACAY,ALPACAY,SN304,850.0,SISTEMATICO,0.5,7.766666666666667,219.5097999999998,24.700299999676645,861.8488,Principal
M-0305,2026-01-02,ALPACAY,ALPACAY,SN304,850.0,SISTEMATICO,0.06,19.880000000000003,217.52610000001732,24.88190000038594,861.8488,Principal
M-0306,2026-01-02,ALPACAY,ALPACAY,SN304,850.0,SISTEMATICO,0.03,3.4433333333333334,237.52209999994375,22.78110000025481,861.8488,Principal
M-0307,2026-01-02,ALPACAY,ALPACAY,SN304,850.0,SISTEMATICO,0.03,0.5233333333333333,239.52090000000317,22.71750000026077,861.8488,Principal
M-0308,2026-01-02,ALPACAY,ALPACAY,SN304,850.0,SISTEMATICO,0.05,0.53,241.38419999997132,22.00899999961257,861.8488,Principal
M-0309,2026-01-02,ALPACAY,ALPACAY,SN304,850.0,SISTEMATICO,0.03,1.48,242.66310000000522,20.503200000151992,861.8488,Principal
M-0310,2026-01-02,ALPACAY,ALPACAY,SN304,850.0,SISTEMATICO,0.04,0.74,244.35800000000745,19.674100000411272,861.8488,Principal
M-0311,2026-01-24,ALPACAY,ALPACAY,SN304W,850.0,SISTEMATICO,0.07,1.1933333333333331,216.18426810996607,25.539671749807894,861.72716479,Principal
M-0312,2026-01-24,ALPACAY,ALPACAY,SN304W,850.0,SISTEMATICO,0.12,10.263333333333334,214.21708660002332,25.29149517044425,861.79697214,Principal
M-0313,2026-01-24,ALPACAY,ALPACAY,SN304W,850.0,SISTEMATICO,0.09,0.12000000000000001,212.22321555996314,25.36422611027956,861.85863367,Principal
M-0314,2026-01-24,ALPACAY,ALPACAY,SN304W,850.0,SISTEMATICO,0.04,0.25,210.31382615992334,25.92171906027943,861.89582711,Principal
M-0315,2026-01-24,ALPACAY,ALPACAY,SN304W,850.0,SISTEMATICO,0.1,0.8,208.32793946994934,26.294828670099378,861.92831325,Principal
M-0316,2026-01-24,ALPACAY,ALPACAY,SN304W,850.0,SISTEMATICO,0.16,0.17666666666666667,206.4467935699504,26.00908020976931,861.94323996,Principal
M-0317,2026-01-24,ALPACAY,ALPACAY,SN304W,850.0,SISTEMATICO,0.06,1.2033333333333334,204.46238829998765,25.672290969640017,861.94323996,Principal
M-0318,2026-01-24,ALPACAY,ALPACAY,SN304W,850.0,SISTEMATICO,0.11,0.9766666666666667,202.67765541002154,25.769269480369985,861.94323996,Principal
M-0319,2026-01-24,ALPACAY,ALPACAY,SN304W,850.0,SISTEMATICO,0.2,21.39,216.0769391199574,25.25137470010668,861.72786927,Principal
M-0320,2026-02-01,ALPACAY,ALPACAY,SN-304W,850.0,SISTEMATICO,0.13,1.4566666666666668,201.02879999997094,25.31400000024587,861.9432,Principal
M-0321,2026-02-01,ALPACAY,ALPACAY,SN-304W,850.0,SISTEMATICO,0.15,4.413333333333332,199.07199999992736,25.727800000458956,862.2479,Principal
M-0322,2026-02-01,ALPACAY,ALPACAY,SN-304W,850.0,SISTEMATICO,0.04,4.23,197.25740000000224,26.568800000473857,862.2479,Principal
M-0323,2026-02-01,ALPACAY,ALPACAY,SN-304E,850.0,SISTEMATICO,0.04,0.19,246.91599999996834,19.603900000452995,861.8006,Principal
M-0324,2026-02-01,ALPACAY,ALPACAY,SN-304E,850.0,SISTEMATICO,0.04,0.060000000000000005,252.8177999999607,19.004200000315905,861.8488,Principal
M-0325,2026-02-01,ALPACAY,ALPACAY,SN-304E,850.0,SISTEMATICO,0.03,0.22,254.81319999997504,18.86739999987185,861.8488,Principal
M-0326,2026-03-03,ALPACAY,ALPACAY,CH-180,900.0,SISTEMATICO,0.13,0.11,115.32423700997606,43.04377449024469,902.51,Principal
M-0327,2026-03-03,ALPACAY,ALPACAY,CH-180,900.0,SISTEMATICO,0.1,0.10333333333333333,115.1293932099361,40.82177759986371,910.21,Principal
M-0328,2026-03-03,ALPACAY,ALPACAY,CH-180,900.0,SISTEMATICO,0.17,0.19,114.9862258899957,40.05391908995807,912.12,Principal
M-0329,2026-03-03,ALPACAY,ALPACAY,CH-180,900.0,SISTEMATICO,0.12,0.8533333333333334,114.87578452995513,39.61854344047606,914.06,Principal
M-0330,2026-03-03,ALPACAY,ALPACAY,CH-180,900.0,SISTEMATICO,0.04,0.2733333333333334,114.72371014999226,39.16502629965544,915.95,Principal
M-0331,2026-03-03,ALPACAY,ALPACAY,CH-180,900.0,SISTEMATICO,0.06,0.14,114.57659833994694,38.50816186983138,917.89,Principal
