TramoID,TrazaID,Labor,S_Inicio_m,S_Fin_m,LongitudConectada_m,AuPondExtremos_g_t,PotenciaMediana_m,Au_x_Potencia,TramoEspacial,ClaseAu,Supera_Umbral_1_g_t,Supera_Umbral_3_g_t,Supera_Umbral_5_g_t,Supera_Umbral_15_g_t,EsteInicioRel_m,NorteInicioRel_m,CotaInicioRel_m,EsteFinRel_m,NorteFinRel_m,CotaFinRel_m,UsoPermitido
TR-0001,CH-180_Z910_0,CH-180,115.43338419305532,115.4688230149824,1.9913184703028455,0.46448275862068966,0.14500000000000002,0.06735000000000001,PRINCIPAL,AU_00_01,NO,NO,NO,NO,114.87578452995513,39.61854344047606,63.3069999999999,114.9862258899957,40.05391908995807,61.36699999999996,REVISIÓN PRELIMINAR; NO ES DISEÑO DE LABOR
TR-0002,CH-180_Z910_0,CH-180,115.4688230149824,115.48044990924848,2.0635415122389227,0.15790123456790123,0.135,0.021316666666666668,PRINCIPAL,AU_00_01,NO,NO,NO,NO,114.9862258899957,40.05391908995807,61.36699999999996,115.1293932099361,40.82177759986371,59.456999999999994,REVISIÓN PRELIMINAR; NO ES DISEÑO DE LABOR
TR-0003,CH-180_Z915_0,CH-180,115.3257352648549,115.35996795768784,2.0534636017769246,0.19333333333333333,0.05,0.009666666666666667,PRINCIPAL,AU_00_01,NO,NO,NO,NO,114.57659833994694,38.50816186983138,67.13699999999994,114.72371014999226,39.16502629965544,65.197,REVISIÓN PRELIMINAR; NO ES DISEÑO DE LABOR
TR-0004,GA220_Z850_0,GA220,131.64146211338905,133.595271954441,1.998193266435476,0.37888888888888894,0.045,0.017050000000000003,PRINCIPAL,AU_00_01,NO,NO,NO,NO,133.13509999995586,50.231399999931455,0.0,134.99029999994673,49.48909999988973,0.0,REVISIÓN PRELIMINAR; NO ES DISEÑO DE LABOR
TR-0005,GA220_Z850_0,GA220,133.595271954441,135.57220607205136,1.9987989418414494,0.30833333333333335,0.03,0.00925,PRINCIPAL,AU_00_01,NO,NO,NO,NO,134.99029999994673,49.48909999988973,0.0,136.88919999997597,48.865100000053644,0.0,REVISIÓN PRELIMINAR; NO ES DISEÑO DE LABOR
TR-0006,GA220_Z850_0,GA220,135.57220607205136,137.56424295681717,1.9997066184137802,0.12,0.03,0.0036,PRINCIPAL,AU_00_01,NO,NO,NO,NO,136.88919999997597,48.865100000053644,0.0,138.82319999998435,48.35670000035316,0.0,REVISIÓN PRELIMINAR; NO ES DISEÑO DE LABOR
TR-0007,GA220_Z850_0,GA220,137.56424295681717,139.55012017443804,2.000017492543364,0.12833333333333333,0.03,0.0038499999999999997,PRINCIPAL,AU_00_01,NO,NO,NO,NO,138.82319999998435,48.35670000035316,0.0,140.74060000001919,47.787800000049174,0.0,REVISIÓN PRELIMINAR; NO ES DISEÑO DE LABOR
TR-0008,GA220_Z850_0,GA220,139.55012017443804,141.54630523858714,1.9994957464587602,0.14833333333333332,0.03,0.004449999999999999,PRINCIPAL,AU_00_01,NO,NO,NO,NO,140.74060000001919,47.787800000049174,0.0,142.68880000000354,47.33779999986291,0.0,REVISIÓN PRELIMINAR; NO ES DISEÑO DE LABOR
TR-0009,GA220_Z850_0,GA220,141.54630523858714,143.54408868300237,1.9999436240352382,0.115,0.03,0.00345,PRINCIPAL,AU_00_01,NO,NO,NO,NO,142.68880000000354,47.33779999986291,0.0,144.6422999999486,46.9093000004068,0.0,REVISIÓN PRELIMINAR; NO ES DISEÑO DE LABOR
TR-0010,GA220_Z850_0,GA220,143.54408868300237,145.54216639066385,2.000046402131187,0.08833333333333329,0.03,0.0026499999999999987,PRINCIPAL,AU_00_01,NO,NO,NO,NO,144.6422999999486,46.9093000004068,0.0,146.59679999994114,46.48489999957383,0.0,REVISIÓN PRELIMINAR; NO ES DISEÑO DE LABOR
TR-0011,GA220_Z850_0,GA220,145.54216639066385,147.5397995016518,1.9999481818285145,0.4933333333333333,0.03,0.014799999999999999,PRINCIPAL,AU_00_01,NO,NO,NO,NO,146.59679999994114,46.48489999957383,0.0,148.54960000002757,46.05319999996573,0.0,REVISIÓN PRELIMINAR; NO ES DISEÑO DE LABOR
TR-0012,GA220_Z850_0,GA220,147.5397995016518,149.52993048715146,1.9930460104339733,0.5316666666666666,0.03,0.01595,PRINCIPAL,AU_00_01,NO,NO,NO,NO,148.54960000002757,46.05319999996573,0.0,150.52939999999944,45.8238000003621,0.0,REVISIÓN PRELIMINAR; NO ES DISEÑO DE LABOR
TR-0013,GA220_Z850_0,GA220,149.52993048715146,151.44806656885245,1.996060933376206,0.11499999999999995,0.03,0.003449999999999998,PRINCIPAL,AU_00_01,NO,NO,NO,NO,150.52939999999944,45.8238000003621,0.0,152.51319999992847,46.044700000435114,0.0,REVISIÓN PRELIMINAR; NO ES DISEÑO DE LABOR
TR-0014,GA220_Z850_0,GA220,151.44806656885245,153.31275356748947,1.9965230602469366,0.15999999999999998,0.03,0.004799999999999999,PRINCIPAL,AU_00_01,NO,NO,NO,NO,152.51319999992847,46.044700000435114,0.0,154.4714999999851,46.43350000027567,0.0,REVISIÓN PRELIMINAR; NO ES DISEÑO DE LABOR
TR-0015,GA9920_Z900_0,GA9920,341.83011397923974,343.8212036761206,1.991723600134234,7.304615384615384,0.065,0.4748,ALEJADO,AU_05_15,SI,SI,SI,NO,338.420999999973,3.724399999715388,51.59699999999998,340.37509999994654,3.339100000448525,51.59699999999998,REVISIÓN PRELIMINAR; NO ES DISEÑO DE LABOR
TR-0016,GA9920_Z900_0,GA9920,343.8212036761206,345.11310878662186,1.3455570037593847,2.7426984126984126,0.10500000000000001,0.28798333333333337,ALEJADO,AU_01_05,SI,NO,NO,NO,340.37509999994654,3.339100000448525,51.59699999999998,341.61509999993723,2.9259999999776483,51.27719999999999,REVISIÓN PRELIMINAR; NO ES DISEÑO DE LABOR
TR-0017,GA9920_Z900_0,GA9920,345.11310878662186,345.81187667740863,0.7698409251604171,0.07981481481481481,0.09,0.007183333333333332,ALEJADO,AU_00_01,NO,NO,NO,NO,341.61509999993723,2.9259999999776483,51.27719999999999,342.31160000001546,2.853400000371039,51.59699999999998,REVISIÓN PRELIMINAR; NO ES DISEÑO DE LABOR
TR-0018,GA9920_Z900_0,GA9920,345.81187667740863,347.79415304565407,1.9992860325873492,0.09499999999999999,0.05,0.00475,ALEJADO,AU_00_01,NO,NO,NO,NO,342.31160000001546,2.853400000371039,51.59699999999998,344.22159999993164,2.2626000000163913,51.59699999999998,REVISIÓN PRELIMINAR; NO ES DISEÑO DE LABOR
TR-0019,GA9920_Z900_0,GA9920,347.79415304565407,349.79962783553094,2.0059874401664186,1.0374074074074076,0.045,0.04668333333333334,ALEJADO,AU_01_05,SI,NO,NO,NO,344.22159999993164,2.2626000000163913,51.59699999999998,346.2060000000056,1.9691000003367662,51.59699999999998,REVISIÓN PRELIMINAR; NO ES DISEÑO DE LABOR
TR-0020,GA9920_Z900_0,GA9920,349.79962783553094,351.7810048760774,2.0012977039551703,6.5818518518518525,0.045,0.29618333333333335,ALEJADO,AU_05_15,SI,SI,SI,NO,346.2060000000056,1.9691000003367662,51.59699999999998,348.20649999997113,1.9126000003889203,51.59699999999998,REVISIÓN PRELIMINAR; NO ES DISEÑO DE LABOR
TR-0021,GA9920_Z900_0,GA9920,351.7810048760774,353.7661703957878,1.9998296177975667,5.293333333333333,0.05,0.26466666666666666,ALEJADO,AU_05_15,SI,SI,SI,NO,348.20649999997113,1.9126000003889203,51.59699999999998,350.204000000027,1.8161000004038215,51.59699999999998,REVISIÓN PRELIMINAR; NO ES DISEÑO DE LABOR
TR-0022,GA9920_Z900_0,GA9920,353.7661703957878,355.73819732176923,1.9995119053603012,1.121851851851852,0.045,0.050483333333333345,ALEJADO,AU_01_05,SI,NO,NO,NO,350.204000000027,1.8161000004038215,51.59699999999998,352.20349999994505,1.8092000000178814,51.59699999999998,REVISIÓN PRELIMINAR; NO ES DISEÑO DE LABOR
TR-0023,GA9920_Z900_0,GA9920,355.73819732176923,357.9853264685106,2.2812150995435223,1.1422222222222222,0.045,0.0514,ALEJADO,AU_01_05,SI,NO,NO,NO,352.20349999994505,1.8092000000178814,51.59699999999998,354.48470000003,1.8174999998882413,51.59699999999998,REVISIÓN PRELIMINAR; NO ES DISEÑO DE LABOR
TR-0024,GA9920_Z900_0,GA9920,357.9853264685106,358.8753963324058,0.9801620784773954,0.6572549019607844,0.08499999999999999,0.05586666666666667,ALEJADO,AU_00_01,NO,NO,NO,NO,354.48470000003,1.8174999998882413,51.59699999999998,355.2927999999374,1.2627999996766448,51.59699999999998,REVISIÓN PRELIMINAR; NO ES DISEÑO DE LABOR
TR-0025,GA9920_Z900_0,GA9920,358.8753963324058,361.17663622052976,2.3024682842775737,0.4496,0.125,0.0562,ALEJADO,AU_00_01,NO,NO,NO,NO,355.2927999999374,1.2627999996766448,51.59699999999998,357.54839999997057,0.8005999997258186,51.59699999999998,REVISIÓN PRELIMINAR; NO ES DISEÑO DE LABOR
TR-0026,GA9920_Z900_0,GA9920,361.17663622052976,363.5257376221334,2.367993507204197,1.580166666666667,0.1,0.1580166666666667,ALEJADO,AU_01_05,SI,NO,NO,NO,357.54839999997057,0.8005999997258186,51.59699999999998,359.91419999999925,0.6986999996006489,51.59699999999998,REVISIÓN PRELIMINAR; NO ES DISEÑO DE LABOR
TR-0027,GA9920_Z900_0,GA9920,363.5257376221334,365.0785370698056,1.5550296459395478,2.6158823529411763,0.085,0.22235,ALEJADO,AU_01_05,SI,NO,NO,NO,359.91419999999925,0.6986999996006489,51.59699999999998,361.45880000002217,0.5189000004902482,51.59699999999998,REVISIÓN PRELIMINAR; NO ES DISEÑO DE LABOR
TR-0028,GA9920_Z900_0,GA9920,365.0785370698056,367.91627350599526,2.9418352111739696,0.7623809523809523,0.14,0.10673333333333333,ALEJADO,AU_00_01,NO,NO,NO,NO,361.45880000002217,0.5189000004902482,51.59699999999998,364.38670000003185,0.80489999987185,51.59699999999998,REVISIÓN PRELIMINAR; NO ES DISEÑO DE LABOR
TR-0029,GA9920_Z900_0,GA9920,367.91627350599526,369.87200995228,1.9808969684525906,0.43026666666666663,0.125,0.05378333333333333,ALEJADO,AU_00_01,NO,NO,NO,NO,364.38670000003185,0.80489999987185,51.59699999999998,366.3674999999348,0.7852999996393919,51.59699999999998,REVISIÓN PRELIMINAR; NO ES DISEÑO DE LABOR
TR-0030,GA9920_Z900_0,GA9920,369.87200995228,369.9659012294246,0.786272789449468,1.248974358974359,0.065,0.08118333333333333,ALEJADO,AU_01_05,SI,NO,NO,NO,366.3674999999348,0.7852999996393919,51.59699999999998,366.3283999999985,0.0,51.59699999999998,REVISIÓN PRELIMINAR; NO ES DISEÑO DE LABOR
TR-0031,GA9920_Z900_0,GA9920,369.9659012294246,371.2694818927417,1.4943044032798978,1.4176923076923076,0.065,0.09215,ALEJADO,AU_01_05,SI,NO,NO,NO,366.3283999999985,0.0,51.59699999999998,367.73649999999907,0.5001999996602535,51.59699999999998,REVISIÓN PRELIMINAR; NO ES DISEÑO DE LABOR
TR-0032,GA9920_Z900_0,GA9920,371.2694818927417,374.30523328782704,3.0358154769104937,0.5264444444444445,0.07500000000000001,0.03948333333333334,ALEJADO,AU_00_01,NO,NO,NO,NO,367.73649999999907,0.5001999996602535,51.59699999999998,370.7321000000229,0.007699999958276749,51.59699999999998,REVISIÓN PRELIMINAR; NO ES DISEÑO DE LABOR
TR-0033,GA9920_Z900_0,GA9920,374.30523328782704,377.262458674815,3.2534289910633336,0.10333333333333332,0.065,0.006716666666666666,ALEJADO,AU_00_01,NO,NO,NO,NO,370.7321000000229,0.007699999958276749,51.59699999999998,373.87569999997504,0.8459000000730157,51.59699999999998,REVISIÓN PRELIMINAR; NO ES DISEÑO DE LABOR
TR-0034,GA9950_Z900_0,GA9950,11.08232851463046,13.07471636432382,1.9999999999999356,0.7366666666666667,0.045,0.03315,PRINCIPAL,AU_00_01,NO,NO,NO,NO,11.216316417674534,52.52306155394763,51.84699999999998,13.15077096002642,52.015237151645124,51.84699999999998,REVISIÓN PRELIMINAR; NO ES DISEÑO DE LABOR
TR-0035,GA9950_Z900_0,GA9950,13.07471636432382,15.06289550525159,1.9935423580138938,0.4999999999999999,0.04,0.019999999999999997,PRINCIPAL,AU_00_01,NO,NO,NO,NO,13.15077096002642,52.015237151645124,51.84699999999998,15.135119104990736,51.82399496808648,51.84699999999998,REVISIÓN PRELIMINAR; NO ES DISEÑO DE LABOR
TR-0036,GA9950_Z900_0,GA9950,15.06289550525159,17.05868237472697,1.9985251908249757,11.815,0.04,0.47259999999999996,PRINCIPAL,AU_05_15,SI,SI,SI,NO,15.135119104990736,51.82399496808648,51.84699999999998,17.119959214585833,51.59051546640694,51.84699999999998,REVISIÓN PRELIMINAR; NO ES DISEÑO DE LABOR
TR-0037,GA9950_Z900_0,GA9950,17.05868237472697,19.144757817638123,2.13985957116203,17.0625,0.08,1.365,PRINCIPAL,AU_15_50,SI,SI,SI,SI,17.119959214585833,51.59051546640694,51.84699999999998,19.256555730476975,51.70864383969456,51.84699999999998,REVISIÓN PRELIMINAR; NO ES DISEÑO DE LABOR
TR-0038,GA9950_Z900_0,GA9950,19.144757817638123,20.640158757450024,1.8307166130490402,10.799999999999999,0.105,1.134,PRINCIPAL,AU_05_15,SI,SI,SI,NO,19.256555730476975,51.70864383969456,51.84699999999998,20.908634254476056,52.49741495214403,51.84699999999998,REVISIÓN PRELIMINAR; NO ES DISEÑO DE LABOR
TR-0039,GA9950_Z900_0,GA9950,20.640158757450024,21.88117773986582,1.9772985809042645,28.036842105263162,0.095,2.6635000000000004,PRINCIPAL,AU_15_50,SI,SI,SI,SI,20.908634254476056,52.49741495214403,51.84699999999998,22.391471189330332,53.80543035827577,51.84699999999998,REVISIÓN PRELIMINAR; NO ES DISEÑO DE LABOR
TR-0040,GA9950_Z900_0,GA9950,21.88117773986582,23.649616978905694,2.007224800149583,64.46193548387097,0.155,9.9916,PRINCIPAL,AU_GE_50,SI,SI,SI,SI,22.391471189330332,53.80543035827577,51.84699999999998,24.294706722954288,54.443118292838335,51.84699999999998,REVISIÓN PRELIMINAR; NO ES DISEÑO DE LABOR
TR-0041,GA9950_Z900_0,GA9950,23.649616978905694,25.396415922511224,1.989409499843231,38.14727272727272,0.22,8.392399999999999,PRINCIPAL,AU_15_50,SI,SI,SI,SI,24.294706722954288,54.443118292838335,51.84699999999998,26.17704373691231,55.08697970956564,51.84699999999998,REVISIÓN PRELIMINAR; NO ES DISEÑO DE LABOR
TR-0042,GA9950_Z900_0,GA9950,25.396415922511224,27.309216789918903,1.996301657635891,9.368484848484849,0.165,1.5458,PRINCIPAL,AU_05_15,SI,SI,SI,NO,26.17704373691231,55.08697970956564,51.84699999999998,28.158796768984757,55.32755241822451,51.84699999999998,REVISIÓN PRELIMINAR; NO ES DISEÑO DE LABOR
TR-0043,GA9950_Z900_0,GA9950,27.309216789918903,29.24778183908478,1.9992496564389484,11.958,0.125,1.49475,PRINCIPAL,AU_05_15,SI,SI,SI,NO,28.158796768984757,55.32755241822451,51.84699999999998,30.152034800034016,55.48247607797384,51.84699999999998,REVISIÓN PRELIMINAR; NO ES DISEÑO DE LABOR
TR-0044,GA9950_Z900_0,GA9950,29.24778183908478,31.19514963025469,1.9999944513079164,9.154,0.125,1.14425,PRINCIPAL,AU_05_15,SI,SI,SI,NO,30.152034800034016,55.48247607797384,51.84699999999998,32.1483745011501,55.60332972090691,51.84699999999998,REVISIÓN PRELIMINAR; NO ES DISEÑO DE LABOR
TR-0045,GA9950_Z900_0,GA9950,31.19514963025469,33.15814139388871,1.9989385198067904,4.555,0.1,0.4555,PRINCIPAL,AU_01_05,SI,SI,NO,NO,32.1483745011501,55.60332972090691,51.84699999999998,34.14689364598598,55.64427399635315,51.84699999999998,REVISIÓN PRELIMINAR; NO ES DISEÑO DE LABOR
TR-0046,GA9950_Z900_0,GA9950,33.15814139388871,34.63939084175436,1.5014996327616346,46.28444444444445,0.18,8.3312,PRINCIPAL,AU_15_50,SI,SI,SI,SI,34.14689364598598,55.64427399635315,51.84699999999998,35.64837430708576,55.636726047843695,51.84699999999998,REVISIÓN PRELIMINAR; NO ES DISEÑO DE LABOR
TR-0047,GA9950_Z900_0,GA9950,34.63939084175436,36.59317389182745,1.959355520622646,56.34136363636363,0.22,12.3951,PRINCIPAL,AU_GE_50,SI,SI,SI,SI,35.64837430708576,55.636726047843695,51.84699999999998,37.5492730186088,55.161691159941256,51.84699999999998,REVISIÓN PRELIMINAR; NO ES DISEÑO DE LABOR
TR-0048,GA9950_Z900_0,GA9950,36.59317389182745,38.59795822283705,2.005094846661025,28.911935483870966,0.155,4.48135,PRINCIPAL,AU_15_50,SI,SI,SI,SI,37.5492730186088,55.161691159941256,51.84699999999998,39.5312956153648,54.85838970914483,51.84699999999998,REVISIÓN PRELIMINAR; NO ES DISEÑO DE LABOR
TR-0049,GA9950_Z900_0,GA9950,38.59795822283705,40.59044975822739,1.9927970786948044,3.0585714285714283,0.14,0.4282,PRINCIPAL,AU_01_05,SI,SI,NO,NO,39.5312956153648,54.85838970914483,51.84699999999998,41.489366191555746,54.48798477463424,51.84699999999998,REVISIÓN PRELIMINAR; NO ES DISEÑO DE LABOR
TR-0050,GA9950_Z900_0,GA9950,40.59044975822739,42.5957259167959,2.0053307914577183,0.775,0.15,0.11624999999999999,PRINCIPAL,AU_00_01,NO,NO,NO,NO,41.489366191555746,54.48798477463424,51.84699999999998,43.46342670475133,54.13522894773632,51.84699999999998,REVISIÓN PRELIMINAR; NO ES DISEÑO DE LABOR
TR-0051,GA9950_Z900_0,GA9950,42.5957259167959,44.59683756233542,2.0027102144081326,0.75125,0.12,0.09015,PRINCIPAL,AU_00_01,NO,NO,NO,NO,43.46342670475133,54.13522894773632,51.84699999999998,45.44937002577353,53.876622434705496,51.84699999999998,REVISIÓN PRELIMINAR; NO ES DISEÑO DE LABOR
TR-0052,GA9950_Z900_0,GA9950,44.59683756233542,46.59182315046506,1.9977748796402355,1.377142857142857,0.07,0.0964,PRINCIPAL,AU_01_05,SI,NO,NO,NO,45.44937002577353,53.876622434705496,51.84699999999998,47.433580257580616,53.64421282708645,51.84699999999998,REVISIÓN PRELIMINAR; NO ES DISEÑO DE LABOR
TR-0053,GA9950_Z900_0,GA9950,46.59182315046506,48.586433297127,1.9950121810727617,0.91,0.04,0.0364,PRINCIPAL,AU_00_01,NO,NO,NO,NO,47.433580257580616,53.64421282708645,51.84699999999998,49.39286989404354,53.26837014313787,51.84699999999998,REVISIÓN PRELIMINAR; NO ES DISEÑO DE LABOR
TR-0054,GA9950_Z900_0,GA9950,48.586433297127,50.52532979187461,1.9866250945911617,6.761428571428572,0.105,0.70995,PRINCIPAL,AU_05_15,SI,SI,SI,NO,49.39286989404354,53.26837014313787,51.84699999999998,51.23100268363487,52.51474748272449,51.84699999999998,REVISIÓN PRELIMINAR; NO ES DISEÑO DE LABOR
TR-0055,GA9950_Z900_0,GA9950,50.52532979187461,52.46153292078623,1.987040240166101,4.116,0.175,0.7202999999999999,PRINCIPAL,AU_01_05,SI,SI,NO,NO,51.23100268363487,52.51474748272449,51.84699999999998,53.06416299578268,51.74803229048848,51.84699999999998,REVISIÓN PRELIMINAR; NO ES DISEÑO DE LABOR
TR-0056,GA9950_Z900_0,GA9950,52.46153292078623,54.489186978568895,2.032309446244453,0.35904761904761906,0.10500000000000001,0.037700000000000004,PRINCIPAL,AU_00_01,NO,NO,NO,NO,53.06416299578268,51.74803229048848,51.84699999999998,55.03959285560995,51.27058223634958,51.84699999999998,REVISIÓN PRELIMINAR; NO ES DISEÑO DE LABOR
TR-0057,GA9950_Z900_0,GA9950,54.489186978568895,56.48860707946818,2.0054526169589293,9.667142857142856,0.07,0.6767,PRINCIPAL,AU_05_15,SI,SI,SI,NO,55.03959285560995,51.27058223634958,51.84699999999998,56.98416551947594,50.78019733261317,51.84699999999998,REVISIÓN PRELIMINAR; NO ES DISEÑO DE LABOR
TR-0058,GA9950_Z900_0,GA9950,56.48860707946818,58.45511045234646,2.000440838627332,7.8464705882352925,0.085,0.6669499999999999,PRINCIPAL,AU_05_15,SI,SI,SI,NO,56.98416551947594,50.78019733261317,51.84699999999998,58.98438086814713,50.81023244187236,51.84699999999998,REVISIÓN PRELIMINAR; NO ES DISEÑO DE LABOR
TR-0059,GA9950_Z900_0,GA9950,58.45511045234646,60.43830586289442,1.9832137210945482,12.240526315789474,0.095,1.16285,PRINCIPAL,AU_05_15,SI,SI,SI,NO,58.98438086814713,50.81023244187236,51.84699999999998,60.94061027432326,50.48419076669961,51.84699999999998,REVISIÓN PRELIMINAR; NO ES DISEÑO DE LABOR
TR-0060,GA9950_Z900_0,GA9950,60.43830586289442,62.444501650437445,2.006296411270841,10.66272727272727,0.11,1.1728999999999998,PRINCIPAL,AU_05_15,SI,SI,SI,NO,60.94061027432326,50.48419076669961,51.84699999999998,62.921462027938105,50.165676057338715,51.84699999999998,REVISIÓN PRELIMINAR; NO ES DISEÑO DE LABOR
TR-0061,GA9950_Z900_0,GA9950,62.444501650437445,64.45204127794473,2.009589698407038,0.32090909090909087,0.11,0.0353,PRINCIPAL,AU_00_01,NO,NO,NO,NO,62.921462027938105,50.165676057338715,51.84699999999998,64.9155535697937,49.91657832823694,51.84699999999998,REVISIÓN PRELIMINAR; NO ES DISEÑO DE LABOR
TR-0062,GA9950_Z900_0,GA9950,64.45204127794473,66.41209235537379,1.9764123069338009,0.5514285714285714,0.14,0.0772,PRINCIPAL,AU_00_01,NO,NO,NO,NO,64.9155535697937,49.91657832823694,51.84699999999998,66.89033022860531,49.83618706744164,51.84699999999998,REVISIÓN PRELIMINAR; NO ES DISEÑO DE LABOR
TR-0063,GA9950_Z900_0,GA9950,66.41209235537379,68.4126735684076,2.000694434138594,13.753023255813952,0.21500000000000002,2.9569,PRINCIPAL,AU_05_15,SI,SI,SI,NO,66.89033022860531,49.83618706744164,51.84699999999998,68.86584864917677,49.519793027080595,51.84699999999998,REVISIÓN PRELIMINAR; NO ES DISEÑO DE LABOR
TR-0064,GA9950_Z900_0,GA9950,68.4126735684076,70.37663522828882,1.9642903511952214,18.057714285714287,0.17500000000000002,3.1601000000000004,PRINCIPAL,AU_15_50,SI,SI,SI,SI,68.86584864917677,49.519793027080595,51.84699999999998,70.7956229436677,49.1531763933599,51.84699999999998,REVISIÓN PRELIMINAR; NO ES DISEÑO DE LABOR
TR-0065,GA9950_Z900_0,GA9950,70.37663522828882,72.35310680154933,2.006847134551077,24.890000000000004,0.08499999999999999,2.11565,PRINCIPAL,AU_15_50,SI,SI,SI,SI,70.7956229436677,49.1531763933599,51.84699999999998,72.80244733404834,49.16273084934801,51.84699999999998,REVISIÓN PRELIMINAR; NO ES DISEÑO DE LABOR
TR-0066,GA9950_Z900_0,GA9950,72.35310680154933,80.14390849031413,7.792790106722056,30.579215686274512,0.16999999999999998,5.198466666666667,PRINCIPAL,AU_15_50,SI,SI,SI,SI,72.80244733404834,49.16273084934801,51.84699999999998,80.5060999999987,47.99170000012964,51.74699999999996,REVISIÓN PRELIMINAR; NO ES DISEÑO DE LABOR
TR-0067,GA9950_Z900_0,GA9950,80.14390849031413,82.15706221909818,2.0164770913859535,17.989583333333332,0.2,3.5979166666666664,PRINCIPAL,AU_15_50,SI,SI,SI,SI,80.5060999999987,47.99170000012964,51.74699999999996,82.48060000000987,47.594800000078976,51.84699999999998,REVISIÓN PRELIMINAR; NO ES DISEÑO DE LABOR
TR-0068,GA9950_Z900_0,GA9950,82.15706221909818,84.18971538017091,2.05138362344697,6.143218390804596,0.14500000000000002,0.8907666666666665,PRINCIPAL,AU_05_15,SI,SI,SI,NO,82.48060000000987,47.594800000078976,51.84699999999998,84.4375,46.97939999960363,51.84699999999998,REVISIÓN PRELIMINAR; NO ES DISEÑO DE LABOR
TR-0069,GA9950_Z900_0,GA9950,84.18971538017091,86.28760583660726,2.3273811075227235,7.589019607843135,0.085,0.6450666666666666,PRINCIPAL,AU_05_15,SI,SI,SI,NO,84.4375,46.97939999960363,51.84699999999998,86.33539999998175,45.63229999970645,51.84699999999998,REVISIÓN PRELIMINAR; NO ES DISEÑO DE LABOR
TR-0070,GA9950_Z900_0,GA9950,86.28760583660726,88.28069055383975,2.0000182924213004,10.575238095238094,0.035,0.3701333333333333,PRINCIPAL,AU_05_15,SI,SI,SI,NO,86.33539999998175,45.63229999970645,51.84699999999998,88.32799999997951,45.460199999623,51.84699999999998,REVISIÓN PRELIMINAR; NO ES DISEÑO DE LABOR
TR-0071,GA9950_Z900_0,GA9950,88.28069055383975,90.26689613216531,2.0012041899222206,31.512222222222228,0.06,1.8907333333333336,PRINCIPAL,AU_15_50,SI,SI,SI,SI,88.32799999997951,45.460199999623,51.84699999999998,90.32699999993201,45.36629999987781,51.84699999999998,REVISIÓN PRELIMINAR; NO ES DISEÑO DE LABOR
TR-0072,GA9950_Z900_0,GA9950,90.26689613216531,93.39526696212258,3.130975710621079,9.305128205128206,0.195,1.8145000000000002,PRINCIPAL,AU_05_15,SI,SI,SI,NO,90.32699999993201,45.36629999987781,51.84699999999998,93.43209999997634,44.96459999959916,51.84699999999998,REVISIÓN PRELIMINAR; NO ES DISEÑO DE LABOR
TR-0073,GA9950_Z900_0,GA9950,93.39526696212258,95.41224681679148,2.0209333783726606,1.8740983606557378,0.305,0.5716,PRINCIPAL,AU_01_05,SI,NO,NO,NO,93.43209999997634,44.96459999959916,51.84699999999998,95.44149999995716,44.74899999983609,51.84699999999998,REVISIÓN PRELIMINAR; NO ES DISEÑO DE LABOR
TR-0074,GA9950_Z900_0,GA9950,95.41224681679148,97.3599285189406,1.949298809842131,5.865555555555556,0.22499999999999998,1.31975,PRINCIPAL,AU_05_15,SI,SI,SI,NO,95.44149999995716,44.74899999983609,51.84699999999998,97.34789999993518,44.342299999669194,51.84699999999998,REVISIÓN PRELIMINAR; NO ES DISEÑO DE LABOR
TR-0075,GA9950_Z900_0,GA9950,97.3599285189406,99.35322036427742,2.0143206522357313,7.0166666666666675,0.175,1.2279166666666668,PRINCIPAL,AU_05_15,SI,SI,SI,NO,97.34789999993518,44.342299999669194,51.84699999999998,99.36159999994561,44.29229999985546,51.84699999999998,REVISIÓN PRELIMINAR; NO ES DISEÑO DE LABOR
TR-0076,GA9950_Z900_0,GA9950,99.35322036427742,101.31581717809875,1.9966391186901196,1.8597979797979798,0.165,0.3068666666666667,PRINCIPAL,AU_01_05,SI,NO,NO,NO,99.36159999994561,44.29229999985546,51.84699999999998,101.35800000000745,44.323200000450015,51.84699999999998,REVISIÓN PRELIMINAR; NO ES DISEÑO DE LABOR
TR-0077,GA9950_Z900_0,GA9950,101.31581717809875,103.22006197947984,1.9903003315560501,1.16,0.125,0.145,PRINCIPAL,AU_01_05,SI,NO,NO,NO,101.35800000000745,44.323200000450015,51.84699999999998,103.33259999996517,44.57270000036806,51.84699999999998,REVISIÓN PRELIMINAR; NO ES DISEÑO DE LABOR
TR-0078,GA9950_Z900_0,GA9950,103.22006197947984,105.20767179408794,2.0090428417672666,0.7143589743589743,0.195,0.1393,PRINCIPAL,AU_00_01,NO,NO,NO,NO,103.33259999996517,44.57270000036806,51.84699999999998,105.34109999996144,44.52599999960512,51.84699999999998,REVISIÓN PRELIMINAR; NO ES DISEÑO DE LABOR
TR-0079,GA9950_Z900_0,GA9950,105.20767179408794,107.00912139475436,1.8096104247599625,1.7666666666666668,0.585,1.0335,PRINCIPAL,AU_01_05,SI,NO,NO,NO,105.34109999996144,44.52599999960512,51.84699999999998,107.08779999997932,44.053000000305474,51.84699999999998,REVISIÓN PRELIMINAR; NO ES DISEÑO DE LABOR
TR-0080,GA9950_Z900_0,GA9950,107.00912139475436,108.91900653086996,1.9122203325810856,1.512820512820513,0.65,0.9833333333333335,PRINCIPAL,AU_01_05,SI,NO,NO,NO,107.08779999997932,44.053000000305474,51.84699999999998,108.95439999992959,43.637799999676645,51.84699999999998,REVISIÓN PRELIMINAR; NO ES DISEÑO DE LABOR
TR-0081,GA9950_Z900_0,GA9950,108.91900653086996,110.93052327256667,2.022620804843607,0.2782993197278911,0.245,0.06818333333333332,PRINCIPAL,AU_00_01,NO,NO,NO,NO,108.95439999992959,43.637799999676645,51.84699999999998,110.97279999998864,43.50719999987632,51.84699999999998,REVISIÓN PRELIMINAR; NO ES DISEÑO DE LABOR
TR-0082,GA9950_Z900_0,GA9950,110.93052327256667,112.93002560324712,1.9997279514953332,0.16454545454545455,0.11,0.0181,PRINCIPAL,AU_00_01,NO,NO,NO,NO,110.97279999998864,43.50719999987632,51.84699999999998,112.93859999999404,43.14039999991655,51.84699999999998,REVISIÓN PRELIMINAR; NO ES DISEÑO DE LABOR
TR-0083,GA9950_Z900_0,GA9950,112.93002560324712,114.876284278311,1.9549678513299569,0.05000000000000001,0.175,0.00875,PRINCIPAL,AU_00_01,NO,NO,NO,NO,112.93859999999404,43.14039999991655,51.84699999999998,114.82589999993797,42.6304999999702,51.84699999999998,REVISIÓN PRELIMINAR; NO ES DISEÑO DE LABOR
TR-0084,GA9950_Z900_0,GA9950,114.876284278311,116.77261740781252,1.9289572726206152,0.05,0.14500000000000002,0.007250000000000001,PRINCIPAL,AU_00_01,NO,NO,NO,NO,114.82589999993797,42.6304999999702,51.84699999999998,116.63549999997485,41.96250000037253,51.84699999999998,REVISIÓN PRELIMINAR; NO ES DISEÑO DE LABOR
TR-0085,GA9950_Z900_0,GA9950,116.77261740781252,118.1376718149867,1.9805934313068854,0.049999999999999996,0.185,0.00925,PRINCIPAL,AU_00_01,NO,NO,NO,NO,116.63549999997485,41.96250000037253,51.84699999999998,117.73899999994319,40.317800000309944,51.84699999999998,REVISIÓN PRELIMINAR; NO ES DISEÑO DE LABOR
TR-0086,GA9950_Z900_0,GA9950,118.1376718149867,123.27037917374402,6.492358696229099,0.06666666666666667,0.18,0.012,PRINCIPAL,AU_00_01,NO,NO,NO,NO,117.73899999994319,40.317800000309944,51.84699999999998,122.12780000001658,35.533800000324845,51.79699999999991,REVISIÓN PRELIMINAR; NO ES DISEÑO DE LABOR
TR-0087,GA9950_Z900_1,GA9950,145.31616178888308,147.2051617422394,1.9034998949724096,0.45333333333333325,0.09,0.04079999999999999,PRINCIPAL,AU_00_01,NO,NO,NO,NO,144.50520000001416,35.59979999996722,51.79699999999991,146.3275999999605,35.05009999964386,51.79699999999991,REVISIÓN PRELIMINAR; NO ES DISEÑO DE LABOR
TR-0088,GA9950_Z900_1,GA9950,147.2051617422394,149.0715463237898,1.8962746900091503,0.15151515151515144,0.055,0.00833333333333333,PRINCIPAL,AU_00_01,NO,NO,NO,NO,146.3275999999605,35.05009999964386,51.79699999999991,148.11069999996107,34.404799999669194,51.79699999999991,REVISIÓN PRELIMINAR; NO ES DISEÑO DE LABOR
TR-0089,GA9950_Z900_1,GA9950,149.0715463237898,150.86383480308686,1.8906137680866428,0.4545833333333333,0.04,0.018183333333333333,PRINCIPAL,AU_00_01,NO,NO,NO,NO,148.11069999996107,34.404799999669194,51.79699999999991,149.97879999992438,34.69570000004023,51.79699999999991,REVISIÓN PRELIMINAR; NO ES DISEÑO DE LABOR
TR-0090,GA9950_Z900_1,GA9950,150.86383480308686,152.70541202035787,1.8834449634659989,26.454583333333332,0.04,1.0581833333333333,PRINCIPAL,AU_15_50,SI,SI,SI,SI,149.97879999992438,34.69570000004023,51.79699999999991,151.86060000001453,34.774400000460446,51.79699999999991,REVISIÓN PRELIMINAR; NO ES DISEÑO DE LABOR
TR-0091,GA9950_Z900_1,GA9950,152.70541202035787,154.5777381631465,1.8902461558776469,13.166274509803923,0.08499999999999999,1.1191333333333333,PRINCIPAL,AU_05_15,SI,SI,SI,NO,151.86060000001453,34.774400000460446,51.79699999999991,153.74989999993704,34.71459999959916,51.79699999999991,REVISIÓN PRELIMINAR; NO ES DISEÑO DE LABOR
TR-0092,GA9950_Z900_1,GA9950,154.5777381631465,156.45591816682057,1.8853072163344107,1.0766666666666669,0.09,0.09690000000000001,PRINCIPAL,AU_01_05,SI,NO,NO,NO,153.74989999993704,34.71459999959916,51.79699999999991,155.62879999994766,34.55929999984801,51.79699999999991,REVISIÓN PRELIMINAR; NO ES DISEÑO DE LABOR
TR-0093,GA9950_Z900_1,GA9950,156.45591816682057,158.3500382804211,1.8941223667146818,0.8054166666666668,0.08,0.06443333333333334,PRINCIPAL,AU_00_01,NO,NO,NO,NO,155.62879999994766,34.55929999984801,51.79699999999991,157.49529999995138,34.23699999973178,51.79699999999991,REVISIÓN PRELIMINAR; NO ES DISEÑO DE LABOR
TR-0094,GA9950_Z900_1,GA9950,158.3500382804211,160.2432521360364,1.8958959939496784,0.6333333333333333,0.07,0.044333333333333336,PRINCIPAL,AU_00_01,NO,NO,NO,NO,157.49529999995138,34.23699999973178,51.79699999999991,159.37839999992866,34.017099999822676,51.79699999999991,REVISIÓN PRELIMINAR; NO ES DISEÑO DE LABOR
TR-0095,GA9950_Z900_1,GA9950,160.2432521360364,162.11874291423115,1.885445570730868,0.049999999999999996,0.035,0.00175,PRINCIPAL,AU_00_01,NO,NO,NO,NO,159.37839999992866,34.017099999822676,51.79699999999991,161.19439999992028,33.51009999960661,51.79699999999991,REVISIÓN PRELIMINAR; NO ES DISEÑO DE LABOR
TR-0096,GA9950_Z900_1,GA9950,162.11874291423115,163.99998408681148,1.8903157857580941,0.04777777777777774,0.045,0.0021499999999999983,PRINCIPAL,AU_00_01,NO,NO,NO,NO,161.19439999992028,33.51009999960661,51.79699999999991,163.0174999999581,33.01049999985844,51.79699999999991,REVISIÓN PRELIMINAR; NO ES DISEÑO DE LABOR
TR-0097,GA9950_Z900_1,GA9950,163.99998408681148,165.89180720255874,1.8918231233384182,0.0936363636363636,0.055,0.005149999999999998,PRINCIPAL,AU_00_01,NO,NO,NO,NO,163.0174999999581,33.01049999985844,51.79699999999991,164.88219999999274,32.691300000064075,51.79699999999991,REVISIÓN PRELIMINAR; NO ES DISEÑO DE LABOR
TR-0098,GA9950_Z900_1,GA9950,165.89180720255874,167.72682778770482,1.8816966412115355,23.608181818181816,0.055,1.2984499999999999,PRINCIPAL,AU_15_50,SI,SI,SI,SI,164.88219999999274,32.691300000064075,51.79699999999991,166.62069999997038,31.971300000324845,51.79699999999991,REVISIÓN PRELIMINAR; NO ES DISEÑO DE LABOR
TR-0099,GA9950_Z900_1,GA9950,167.72682778770482,169.59899728943105,1.9046407799811647,21.185555555555556,0.09,1.9067,PRINCIPAL,AU_15_50,SI,SI,SI,SI,166.62069999997038,31.971300000324845,51.79699999999991,168.40700000000652,31.310399999842048,51.79699999999991,REVISIÓN PRELIMINAR; NO ES DISEÑO DE LABOR
TR-0100,GA9950_Z900_1,GA9950,169.59899728943105,171.48752686765704,1.9039772319749242,14.687368421052632,0.095,1.3953,PRINCIPAL,AU_05_15,SI,SI,SI,NO,168.40700000000652,31.310399999842048,51.79699999999991,170.30929999996442,31.23049999959767,51.79699999999991,REVISIÓN PRELIMINAR; NO ES DISEÑO DE LABOR
TR-0101,GA9950_Z900_1,GA9950,171.48752686765704,173.36016285236727,1.88620397891058,22.90869565217391,0.115,2.6345,PRINCIPAL,AU_15_50,SI,SI,SI,SI,170.30929999996442,31.23049999959767,51.79699999999991,172.1931999999797,31.13729999959469,51.79699999999991,REVISIÓN PRELIMINAR; NO ES DISEÑO DE LABOR
TR-0102,GA9950_Z900_1,GA9950,173.36016285236727,175.2322494241081,1.88014564592059,20.673870967741937,0.155,3.2044500000000005,PRINCIPAL,AU_15_50,SI,SI,SI,SI,172.1931999999797,31.13729999959469,51.79699999999991,174.0677999999607,30.992999999783933,51.79699999999991,REVISIÓN PRELIMINAR; NO ES DISEÑO DE LABOR
TR-0103,GA9950_Z900_1,GA9950,175.2322494241081,177.1061144273862,1.8781859598469988,17.076666666666664,0.1,1.7076666666666664,PRINCIPAL,AU_15_50,SI,SI,SI,SI,174.0677999999607,30.992999999783933,51.79699999999991,175.936299999943,30.802500000223517,51.79699999999991,REVISIÓN PRELIMINAR; NO ES DISEÑO DE LABOR
TR-0104,GA9950_Z900_1,GA9950,177.1061144273862,178.95450949821443,1.8886680650692744,9.501884057971017,0.11499999999999999,1.0927166666666668,PRINCIPAL,AU_05_15,SI,SI,SI,NO,175.936299999943,30.802500000223517,51.79699999999991,177.6927999999607,30.10840000025928,51.79699999999991,REVISIÓN PRELIMINAR; NO ES DISEÑO DE LABOR
TR-0105,SN-304E_Z860_0,SN-304E,248.9577566191204,254.87616363182707,5.932386245860453,0.125,0.04,0.005,PRINCIPAL,AU_00_01,NO,NO,NO,NO,246.91599999996834,19.603900000452995,11.047599999999989,252.8177999999607,19.004200000315905,11.09579999999994,REVISIÓN PRELIMINAR; NO ES DISEÑO DE LABOR
TR-0106,SN-304E_Z860_0,SN-304E,254.87616363182707,256.86605533226617,2.000083848287049,0.12857142857142856,0.035,0.0045,PRINCIPAL,AU_00_01,NO,NO,NO,NO,252.8177999999607,19.004200000315905,11.09579999999994,254.81319999997504,18.86739999987185,11.09579999999994,REVISIÓN PRELIMINAR; NO ES DISEÑO DE LABOR
TR-0107,SN-304W_Z860_0,SN-304W,198.8358173744399,200.76625323939723,2.0000135398924965,4.374736842105262,0.095,0.4155999999999999,PRINCIPAL,AU_01_05,SI,SI,NO,NO,197.25740000000224,26.568800000473857,11.494899999999916,199.07199999992736,25.727800000458956,11.494899999999916,REVISIÓN PRELIMINAR; NO ES DISEÑO DE LABOR
TR-0108,SN-304W_Z860_0,SN-304W,200.76625323939723,202.7648104455647,2.023150703814937,3.040595238095237,0.14,0.42568333333333325,PRINCIPAL,AU_01_05,SI,SI,NO,NO,199.07199999992736,25.727800000458956,11.494899999999916,201.02879999997094,25.31400000024587,11.190200000000004,REVISIÓN PRELIMINAR; NO ES DISEÑO DE LABOR
TR-0109,SN060_Z905_0,SN060,15.120127393028724,17.112386050754594,1.998957410678144,4.4747619047619045,0.035,0.15661666666666668,PRINCIPAL,AU_01_05,SI,SI,NO,NO,14.594700000016019,48.32589999958873,58.0098999999999,16.586000000010245,48.15110000036657,58.0098999999999,REVISIÓN PRELIMINAR; NO ES DISEÑO DE LABOR
TR-0110,SN060_Z960_0,SN060,1.9870519203889216,3.974022136934053,1.9999840425007176,4.070630630630631,0.185,0.7530666666666667,PRINCIPAL,AU_01_05,SI,SI,NO,NO,1.9201999999349937,52.121600000187755,109.24699999999996,3.8402999999234453,51.561999999918044,109.24699999999996,REVISIÓN PRELIMINAR; NO ES DISEÑO DE LABOR
TR-0111,SN060_Z960_0,SN060,3.974022136934053,5.959376843260031,2.000056691758105,5.177549019607843,0.16999999999999998,0.8801833333333333,PRINCIPAL,AU_05_15,SI,SI,SI,NO,3.8402999999234453,51.561999999918044,109.24699999999996,5.756399999954738,50.988599999807775,109.24699999999996,REVISIÓN PRELIMINAR; NO ES DISEÑO DE LABOR
TR-0112,SN060_Z960_0,SN060,5.959376843260031,7.945710291365657,1.9994681142466841,2.584492753623188,0.115,0.29721666666666663,PRINCIPAL,AU_01_05,SI,NO,NO,NO,5.756399999954738,50.988599999807775,109.24699999999996,7.675700000021607,50.4281000001356,109.24699999999996,REVISIÓN PRELIMINAR; NO ES DISEÑO DE LABOR
TR-0113,SN060_Z960_0,SN060,7.945710291365657,9.943708909683863,1.999999624907705,0.3728205128205129,0.065,0.024233333333333336,PRINCIPAL,AU_00_01,NO,NO,NO,NO,7.675700000021607,50.4281000001356,109.24699999999996,9.630000000004657,50.00300000049174,109.24699999999996,REVISIÓN PRELIMINAR; NO ES DISEÑO DE LABOR
TR-0114,SN060_Z960_0,SN060,9.943708909683863,11.936999697075464,1.9975332789857485,0.13166666666666665,0.03,0.0039499999999999995,PRINCIPAL,AU_00_01,NO,NO,NO,NO,9.630000000004657,50.00300000049174,109.24699999999996,11.572799999965355,49.53859999962151,109.24699999999996,REVISIÓN PRELIMINAR; NO ES DISEÑO DE LABOR
TR-0115,SN060_Z960_0,SN060,11.936999697075464,13.903595607988478,2.000048871613646,6.841794871794873,0.065,0.44471666666666676,PRINCIPAL,AU_05_15,SI,SI,SI,NO,11.572799999965355,49.53859999962151,109.24699999999996,13.449799999943934,48.84790000040084,109.24699999999996,REVISIÓN PRELIMINAR; NO ES DISEÑO DE LABOR
TR-0116,SN103_Z905_0,SN103,24.21879296279502,26.16969255973251,2.009142172624307,1.1886666666666665,0.075,0.08915,PRINCIPAL,AU_01_05,SI,NO,NO,NO,24.803799999994226,54.043600000441074,57.05939999999998,26.807700000004843,54.18769999966025,57.04289999999992,REVISIÓN PRELIMINAR; NO ES DISEÑO DE LABOR
TR-0117,SN103_Z905_0,SN103,26.16969255973251,28.0600588950757,1.8978529394155683,0.48866666666666664,0.075,0.036649999999999995,PRINCIPAL,AU_00_01,NO,NO,NO,NO,26.807700000004843,54.18769999966025,57.04289999999992,28.697799999965355,54.02560000028461,57.098499999999945,REVISIÓN PRELIMINAR; NO ES DISEÑO DE LABOR
TR-0118,SN103_Z905_0,SN103,28.0600588950757,30.27714773219861,2.237751793645391,0.9005882352941177,0.08499999999999999,0.07654999999999999,PRINCIPAL,AU_00_01,NO,NO,NO,NO,28.697799999965355,54.02560000028461,57.098499999999945,30.91279999993276,53.82510000001639,56.851299999999924,REVISIÓN PRELIMINAR; NO ES DISEÑO DE LABOR
TR-0119,SN103_Z905_0,SN103,30.27714773219861,32.299707883353975,2.0231154687280957,10.840499999999999,0.1,1.08405,PRINCIPAL,AU_05_15,SI,SI,SI,NO,30.91279999993276,53.82510000001639,56.851299999999924,32.89839999994729,53.43730000033975,56.851299999999924,REVISIÓN PRELIMINAR; NO ES DISEÑO DE LABOR
TR-0120,SN103_Z905_0,SN103,32.299707883353975,34.28587074089856,2.0151957548880426,12.633333333333333,0.08499999999999999,1.0738333333333332,PRINCIPAL,AU_05_15,SI,SI,SI,NO,32.89839999994729,53.43730000033975,56.851299999999924,34.852599999983795,53.081799999810755,56.51109999999994,REVISIÓN PRELIMINAR; NO ES DISEÑO DE LABOR
TR-0121,SN103_Z905_0,SN103,34.28587074089856,37.14226524278576,2.90564287199181,5.997619047619047,0.07,0.41983333333333334,PRINCIPAL,AU_05_15,SI,SI,SI,NO,34.852599999983795,53.081799999810755,56.51109999999994,37.69059999997262,52.73170000035316,55.995399999999904,REVISIÓN PRELIMINAR; NO ES DISEÑO DE LABOR
TR-0122,SN103_Z905_0,SN103,37.14226524278576,40.79797958872288,3.7411000374541037,6.371666666666667,0.06,0.38230000000000003,PRINCIPAL,AU_05_15,SI,SI,SI,NO,37.69059999997262,52.73170000035316,55.995399999999904,41.29629999992903,52.1288999998942,56.789999999999964,REVISIÓN PRELIMINAR; NO ES DISEÑO DE LABOR
TR-0123,SN103_Z905_0,SN103,40.79797958872288,47.10801263253661,6.387471165538581,0.09666666666666662,0.045,0.004349999999999998,PRINCIPAL,AU_00_01,NO,NO,NO,NO,41.29629999992903,52.1288999998942,56.789999999999964,47.35809999995399,50.142099999822676,56.46289999999999,REVISIÓN PRELIMINAR; NO ES DISEÑO DE LABOR
TR-0124,SN147_Z905_0,SN147,60.42786384016593,62.41645558873515,2.0000100524641407,38.79492753623188,0.115,4.461416666666667,PRINCIPAL,AU_15_50,SI,SI,SI,SI,60.79839999997057,49.71490000002086,56.945499999999925,62.79449999995995,49.58990000002086,56.945499999999925,REVISIÓN PRELIMINAR; NO ES DISEÑO DE LABOR
TR-0125,SN147_Z905_0,SN147,62.41645558873515,64.58272421103688,2.1744381090628138,59.75730158730158,0.10500000000000001,6.274516666666667,PRINCIPAL,AU_GE_50,SI,SI,SI,SI,62.79449999995995,49.58990000002086,56.945499999999925,64.96149999997579,49.410199999809265,56.945499999999925,REVISIÓN PRELIMINAR; NO ES DISEÑO DE LABOR
TR-0126,SN147_Z905_0,SN147,64.58272421103688,66.57489673314176,2.2015449552604607,13.026888888888891,0.15,1.9540333333333335,PRINCIPAL,AU_05_15,SI,SI,SI,NO,64.96149999997579,49.410199999809265,56.945499999999925,66.94900000002235,49.213700000196695,56.019199999999955,REVISIÓN PRELIMINAR; NO ES DISEÑO DE LABOR
TR-0127,SN147_Z905_0,SN147,66.57489673314176,68.91246135408247,2.4067469206367527,3.7838738738738744,0.185,0.7000166666666667,PRINCIPAL,AU_01_05,SI,SI,NO,NO,66.94900000002235,49.213700000196695,56.019199999999955,69.34970000002068,49.384200000204146,56.019199999999955,REVISIÓN PRELIMINAR; NO ES DISEÑO DE LABOR
TR-0128,SN147_Z905_0,SN147,68.91246135408247,71.16175312631435,2.25056759281833,11.509166666666667,0.2,2.3018333333333336,PRINCIPAL,AU_05_15,SI,SI,SI,NO,69.34970000002068,49.384200000204146,56.019199999999955,71.55400000000373,48.93020000029355,56.019199999999955,REVISIÓN PRELIMINAR; NO ES DISEÑO DE LABOR
TR-0129,SN147_Z905_0,SN147,71.16175312631435,74.45395870042658,3.318392063969973,9.420248756218907,0.33499999999999996,3.1557833333333334,PRINCIPAL,AU_05_15,SI,SI,SI,NO,71.55400000000373,48.93020000029355,56.019199999999955,74.82149999996182,48.50619999971241,55.625,REVISIÓN PRELIMINAR; NO ES DISEÑO DE LABOR
TR-0130,SN147_Z905_0,SN147,74.45395870042658,76.4238493431723,2.0132445952261606,18.592424242424244,0.3025,5.624208333333334,PRINCIPAL,AU_15_50,SI,SI,SI,SI,74.82149999996182,48.50619999971241,55.625,76.69310000003316,47.76439999975264,55.625,REVISIÓN PRELIMINAR; NO ES DISEÑO DE LABOR
TR-0131,SN147_Z905_0,SN147,76.4238493431723,78.62194703601382,2.2022093678245147,61.79258706467663,0.16749999999999998,10.350258333333334,PRINCIPAL,AU_GE_50,SI,SI,SI,SI,76.69310000003316,47.76439999975264,55.625,78.88240000000224,47.52630000002682,55.625,REVISIÓN PRELIMINAR; NO ES DISEÑO DE LABOR
TR-0132,SN147_Z905_0,SN147,78.62194703601382,81.75343126165266,3.149817826548165,60.75000000000001,0.105,6.37875,PRINCIPAL,AU_GE_50,SI,SI,SI,SI,78.88240000000224,47.52630000002682,55.625,81.98710000002757,47.103799999691546,55.303,REVISIÓN PRELIMINAR; NO ES DISEÑO DE LABOR
TR-0133,SN147_Z905_0,SN147,81.75343126165266,83.75024916869488,2.001861393687322,2.9059999999999997,0.05,0.14529999999999998,PRINCIPAL,AU_01_05,SI,NO,NO,NO,81.98710000002757,47.103799999691546,55.303,83.97430000000168,46.87800000049174,55.21639999999991,REVISIÓN PRELIMINAR; NO ES DISEÑO DE LABOR
TR-0134,SN147_Z905_0,SN147,83.75024916869488,85.62039364698131,2.0163838452966125,5.819999999999999,0.06,0.34919999999999995,PRINCIPAL,AU_05_15,SI,SI,SI,NO,83.97430000000168,46.87800000049174,55.21639999999991,85.70389999996405,45.897699999623,55.553,REVISIÓN PRELIMINAR; NO ES DISEÑO DE LABOR
TR-0135,SN147_Z905_0,SN147,85.62039364698131,87.47449696866624,1.9977664679002982,5.943333333333333,0.08,0.4754666666666667,PRINCIPAL,AU_05_15,SI,SI,SI,NO,85.70389999996405,45.897699999623,55.553,87.40720000001602,44.85879999957979,55.450399999999945,REVISIÓN PRELIMINAR; NO ES DISEÑO DE LABOR
TR-0136,SN147_Z905_0,SN147,87.47449696866624,89.44526359393299,1.9853407490077482,25.440952380952382,0.14,3.5617333333333336,PRINCIPAL,AU_15_50,SI,SI,SI,SI,87.40720000001602,44.85879999957979,55.450399999999945,89.32140000001527,44.36079999990761,55.62189999999998,REVISIÓN PRELIMINAR; NO ES DISEÑO DE LABOR
TR-0137,SN147_Z905_0,SN147,89.44526359393299,91.41661975792437,2.0147322998353903,22.991111111111106,0.15000000000000002,3.4486666666666665,PRINCIPAL,AU_15_50,SI,SI,SI,SI,89.32140000001527,44.36079999990761,55.62189999999998,91.32140000001527,44.36079999990761,55.865099999999984,REVISIÓN PRELIMINAR; NO ES DISEÑO DE LABOR
TR-0138,SN147_Z905_0,SN147,91.41661975792437,93.4021771999982,2.001140262478631,0.2988235294117647,0.16999999999999998,0.0508,PRINCIPAL,AU_00_01,NO,NO,NO,NO,91.32140000001527,44.36079999990761,55.865099999999984,93.31810000003316,44.25729999970645,55.78120000000001,REVISIÓN PRELIMINAR; NO ES DISEÑO DE LABOR
TR-0139,SN147_Z905_0,SN147,93.4021771999982,95.39104138392744,2.004217672734995,2.964242424242425,0.22,0.6521333333333335,PRINCIPAL,AU_01_05,SI,NO,NO,NO,93.31810000003316,44.25729999970645,55.78120000000001,95.31409999995958,44.13009999971837,55.65199999999993,REVISIÓN PRELIMINAR; NO ES DISEÑO DE LABOR
TR-0140,SN147_Z905_0,SN147,95.39104138392744,97.3421393360257,1.9932084888142132,8.793333333333331,0.15000000000000002,1.319,PRINCIPAL,AU_05_15,SI,SI,SI,NO,95.31409999995958,44.13009999971837,55.65199999999993,97.30589999991935,44.20230000000447,55.67199999999991,REVISIÓN PRELIMINAR; NO ES DISEÑO DE LABOR
TR-0141,SN147_Z905_0,SN147,97.3421393360257,99.28907807200054,2.0023515002198673,7.624347826086956,0.115,0.8768,PRINCIPAL,AU_05_15,SI,SI,SI,NO,97.30589999991935,44.20230000000447,55.67199999999991,99.29940000001807,44.309100000187755,55.826799999999935,REVISIÓN PRELIMINAR; NO ES DISEÑO DE LABOR
TR-0142,SN147_Z905_0,SN147,99.28907807200054,101.26529623539606,2.0026857666587774,2.587311827956989,0.155,0.4010333333333333,PRINCIPAL,AU_01_05,SI,NO,NO,NO,99.29940000001807,44.309100000187755,55.826799999999935,101.29920000000857,44.279099999926984,55.92999999999995,REVISIÓN PRELIMINAR; NO ES DISEÑO DE LABOR
TR-0143,SN195_Z925_0,SN195,90.17704341073656,92.14839957472792,2.0,69.2502564102564,0.13,9.002533333333332,PRINCIPAL,AU_GE_50,SI,SI,SI,SI,88.39299999992363,34.59499999973923,77.33699999999999,90.39299999992363,34.59499999973923,77.33699999999999,REVISIÓN PRELIMINAR; NO ES DISEÑO DE LABOR
TR-0144,SN195_Z925_0,SN195,92.14839957472792,94.08837735743762,1.9997092289676215,53.19081300813008,0.20500000000000002,10.904116666666667,PRINCIPAL,AU_GE_50,SI,SI,SI,SI,90.39299999992363,34.59499999973923,77.33699999999999,92.38699999998789,34.74600000027567,77.33699999999999,REVISIÓN PRELIMINAR; NO ES DISEÑO DE LABOR
TR-0145,SN195_Z925_0,SN195,94.08837735743762,96.07535279782088,1.9993679001776798,11.485263157894737,0.19,2.1822,PRINCIPAL,AU_05_15,SI,SI,SI,NO,92.38699999998789,34.74600000027567,77.33699999999999,94.38300000003073,34.62999999988824,77.33699999999999,REVISIÓN PRELIMINAR; NO ES DISEÑO DE LABOR
TR-0146,SN195_Z925_0,SN195,96.07535279782088,98.06334006493832,1.9997249809877125,18.545694444444447,0.12,2.2254833333333335,PRINCIPAL,AU_15_50,SI,SI,SI,SI,94.38300000003073,34.62999999988824,77.33699999999999,96.37899999995716,34.50800000037998,77.33699999999999,REVISIÓN PRELIMINAR; NO ES DISEÑO DE LABOR
TR-0147,SN195_Z925_0,SN195,98.06334006493832,100.0327771706559,1.9960360718618098,23.16630952380952,0.14,3.2432833333333333,PRINCIPAL,AU_15_50,SI,SI,SI,SI,96.37899999995716,34.50800000037998,77.33699999999999,98.375,34.49600000027567,77.33699999999999,REVISIÓN PRELIMINAR; NO ES DISEÑO DE LABOR
TR-0148,SN195_Z925_0,SN195,100.0327771706559,101.96724220282262,1.9994119134496333,11.280434782608697,0.115,1.2972500000000002,PRINCIPAL,AU_05_15,SI,SI,SI,NO,98.375,34.49600000027567,77.33699999999999,100.36699999996927,34.66799999959767,77.33699999999999,REVISIÓN PRELIMINAR; NO ES DISEÑO DE LABOR
TR-0149,SN195_Z925_0,SN195,101.96724220282262,103.8883992505179,1.9960776538802414,3.643866666666667,0.125,0.45548333333333335,PRINCIPAL,AU_01_05,SI,SI,NO,NO,100.36699999996927,34.66799999959767,77.33699999999999,102.3519999999553,34.87800000049174,77.33600000000001,REVISIÓN PRELIMINAR; NO ES DISEÑO DE LABOR
TR-0150,SN195_Z925_0,SN195,103.8883992505179,105.86452957168729,1.9987808784578123,1.4843722943722943,0.385,0.5714833333333333,PRINCIPAL,AU_01_05,SI,NO,NO,NO,102.3519999999553,34.87800000049174,77.33600000000001,104.34999999997672,34.838000000454485,77.29699999999991,REVISIÓN PRELIMINAR; NO ES DISEÑO DE LABOR
TR-0151,SN195_Z925_0,SN195,105.86452957168729,107.86372804298747,2.0012056366746016,0.9401960784313727,0.33999999999999997,0.31966666666666665,PRINCIPAL,AU_00_01,NO,NO,NO,NO,104.34999999997672,34.838000000454485,77.29699999999991,106.32999999995809,34.55599999986589,77.22699999999998,REVISIÓN PRELIMINAR; NO ES DISEÑO DE LABOR
TR-0152,SN195_Z925_0,SN195,107.86372804298747,109.86292651413063,2.0012056365433684,1.319761904761905,0.14,0.18476666666666672,PRINCIPAL,AU_01_05,SI,NO,NO,NO,106.32999999995809,34.55599999986589,77.22699999999998,108.30999999993946,34.274000000208616,77.15699999999993,REVISIÓN PRELIMINAR; NO ES DISEÑO DE LABOR
TR-0153,SN195_Z925_0,SN195,109.86292651413063,111.86195634757031,2.0010649665028124,0.8770512820512819,0.26,0.2280333333333333,PRINCIPAL,AU_00_01,NO,NO,NO,NO,108.30999999993946,34.274000000208616,77.15699999999993,110.28999999992084,33.99299999978393,77.08699999999999,REVISIÓN PRELIMINAR; NO ES DISEÑO DE LABOR
TR-0154,SN195_Z925_0,SN195,111.86195634757031,113.86166339250865,2.0010424782931238,1.2099999999999997,0.19,0.22989999999999997,PRINCIPAL,AU_01_05,SI,NO,NO,NO,110.28999999992084,33.99299999978393,77.08699999999999,112.25699999998324,33.63200000021607,77.01799999999992,REVISIÓN PRELIMINAR; NO ES DISEÑO DE LABOR
TR-0155,SN195_Z925_0,SN195,113.86166339250865,115.8609168217768,2.000721369895017,2.618888888888889,0.075,0.19641666666666666,PRINCIPAL,AU_01_05,SI,NO,NO,NO,112.25699999998324,33.63200000021607,77.01799999999992,114.22199999995064,33.26200000010431,76.94899999999996,REVISIÓN PRELIMINAR; NO ES DISEÑO DE LABOR
TR-0156,SN195_Z925_0,SN195,115.8609168217768,117.838021076707,1.9955695928969148,3.4553846153846153,0.13,0.4492,PRINCIPAL,AU_01_05,SI,SI,NO,NO,114.22199999995064,33.26200000010431,76.94899999999996,116.2149999999674,33.186999999918044,76.88099999999997,REVISIÓN PRELIMINAR; NO ES DISEÑO DE LABOR
TR-0157,SN195_Z925_0,SN195,117.838021076707,119.80937724069835,2.0044173717068037,65.95896551724137,0.14500000000000002,9.56405,PRINCIPAL,AU_GE_50,SI,SI,SI,SI,116.2149999999674,33.186999999918044,76.88099999999997,118.2149999999674,33.186999999918044,76.74799999999993,REVISIÓN PRELIMINAR; NO ES DISEÑO DE LABOR
TR-0158,SN195_Z925_0,SN195,119.80937724069835,121.78073340468974,2.0079942729001967,70.36679012345678,0.135,9.499516666666667,PRINCIPAL,AU_GE_50,SI,SI,SI,SI,118.2149999999674,33.186999999918044,76.74799999999993,120.2149999999674,33.186999999918044,76.56899999999996,REVISIÓN PRELIMINAR; NO ES DISEÑO DE LABOR
TR-0159,SN195_Z925_0,SN195,121.78073340468974,123.7520895686811,2.0328541511874443,1.96047619047619,0.14,0.27446666666666664,PRINCIPAL,AU_01_05,SI,NO,NO,NO,120.2149999999674,33.186999999918044,76.56899999999996,122.2149999999674,33.186999999918044,76.20499999999993,REVISIÓN PRELIMINAR; NO ES DISEÑO DE LABOR
TR-0160,SN195_Z925_0,SN195,123.7520895686811,125.7271557649754,2.0001209963386604,0.4766666666666666,0.235,0.11201666666666665,PRINCIPAL,AU_00_01,NO,NO,NO,NO,122.2149999999674,33.186999999918044,76.20499999999993,124.2149999999674,33.16500000003725,76.20499999999993,REVISIÓN PRELIMINAR; NO ES DISEÑO DE LABOR
TR-0161,SN195_Z925_0,SN195,125.7271557649754,127.69533395896548,1.9990422706428894,0.24479532163742684,0.28500000000000003,0.06976666666666666,PRINCIPAL,AU_00_01,NO,NO,NO,NO,124.2149999999674,33.16500000003725,76.20499999999993,126.2139999999199,33.178000000305474,76.20499999999993,REVISIÓN PRELIMINAR; NO ES DISEÑO DE LABOR
TR-0162,SN195_Z925_0,SN195,127.69533395896548,129.5842838410146,2.0010029985948368,4.250734463276836,0.29500000000000004,1.253966666666667,PRINCIPAL,AU_01_05,SI,SI,NO,NO,126.2139999999199,33.178000000305474,76.20499999999993,128.18599999998696,33.50300000049174,76.10699999999997,REVISIÓN PRELIMINAR; NO ES DISEÑO DE LABOR
TR-0163,SN304_Z860_0,SN304,219.09870587527504,221.08462011708048,1.9919950427117412,8.266352941176471,0.2125,1.7566000000000002,PRINCIPAL,AU_05_15,SI,SI,SI,NO,217.52610000001732,24.88190000038594,11.09579999999994,219.5097999999998,24.700299999676645,11.09579999999994,REVISIÓN PRELIMINAR; NO ES DISEÑO DE LABOR
TR-0164,SN304_Z860_0,SN304,221.08462011708048,223.03171361825972,2.002229499788826,6.521290322580645,0.23249999999999998,1.5162,PRINCIPAL,AU_05_15,SI,SI,SI,NO,219.5097999999998,24.700299999676645,11.09579999999994,221.50769999995828,24.831899999640882,11.09579999999994,REVISIÓN PRELIMINAR; NO ES DISEÑO DE LABOR
TR-0165,SN304_Z860_0,SN304,223.03171361825972,224.9775515361746,1.9532301963687824,24.83090909090909,0.11,2.7314,PRINCIPAL,AU_15_50,SI,SI,SI,SI,221.50769999995828,24.831899999640882,11.09579999999994,223.45429999998305,24.671099999919534,11.09579999999994,REVISIÓN PRELIMINAR; NO ES DISEÑO DE LABOR
TR-0166,SN304_Z860_0,SN304,224.9775515361746,229.00604004763505,4.029356973587418,20.663333333333334,0.12,2.4796,PRINCIPAL,AU_15_50,SI,SI,SI,SI,223.45429999998305,24.671099999919534,11.09579999999994,227.43920000002254,24.074199999682605,11.09579999999994,REVISIÓN PRELIMINAR; NO ES DISEÑO DE LABOR
TR-0167,SN304_Z860_0,SN304,229.00604004763505,233.00481331377824,3.9990207851510635,1.2351515151515151,0.11,0.13586666666666666,PRINCIPAL,AU_01_05,SI,NO,NO,NO,227.43920000002254,24.074199999682605,11.09579999999994,231.37320000003092,23.355999999679625,11.09579999999994,REVISIÓN PRELIMINAR; NO ES DISEÑO DE LABOR
TR-0168,SN304_Z860_0,SN304,233.00481331377824,235.00410191096253,1.9996437131313647,2.125,0.1,0.21250000000000002,PRINCIPAL,AU_01_05,SI,NO,NO,NO,231.37320000003092,23.355999999679625,11.09579999999994,233.33750000002328,22.981700000353158,11.09579999999994,REVISIÓN PRELIMINAR; NO ES DISEÑO DE LABOR
TR-0169,SN304_Z860_0,SN304,235.00410191096253,237.0008488398473,1.9993653919020489,3.280370370370371,0.09,0.29523333333333335,PRINCIPAL,AU_01_05,SI,SI,NO,NO,233.33750000002328,22.981700000353158,11.09579999999994,235.3229000000283,22.745799999684095,11.09579999999994,REVISIÓN PRELIMINAR; NO ES DISEÑO DE LABOR
TR-0170,SN304_Z860_0,SN304,237.0008488398473,239.16259916209253,2.1994832869718164,3.019090909090909,0.055,0.16605,PRINCIPAL,AU_01_05,SI,SI,NO,NO,235.3229000000283,22.745799999684095,11.09579999999994,237.52209999994375,22.78110000025481,11.09579999999994,REVISIÓN PRELIMINAR; NO ES DISEÑO DE LABOR
TR-0171,SN304_Z860_0,SN304,239.16259916209253,241.1434978786133,1.9998115911847227,1.9833333333333334,0.03,0.0595,PRINCIPAL,AU_01_05,SI,NO,NO,NO,237.52209999994375,22.78110000025481,11.09579999999994,239.52090000000317,22.71750000026077,11.09579999999994,REVISIÓN PRELIMINAR; NO ES DISEÑO DE LABOR
TR-0172,SN304_Z860_0,SN304,241.1434978786133,243.0995917534584,1.9934540729095827,0.5275,0.04,0.0211,PRINCIPAL,AU_00_01,NO,NO,NO,NO,239.52090000000317,22.71750000026077,11.09579999999994,241.38419999997132,22.00899999961257,11.09579999999994,REVISIÓN PRELIMINAR; NO ES DISEÑO DE LABOR
TR-0173,SN304_Z860_0,SN304,243.0995917534584,244.6141103011928,1.9756059446312126,0.8862499999999999,0.04,0.035449999999999995,PRINCIPAL,AU_00_01,NO,NO,NO,NO,241.38419999997132,22.00899999961257,11.09579999999994,242.66310000000522,20.503200000151992,11.09579999999994,REVISIÓN PRELIMINAR; NO ES DISEÑO DE LABOR
TR-0174,SN304_Z860_0,SN304,244.6141103011928,246.42455370955392,1.8868208233898731,1.057142857142857,0.035,0.037,PRINCIPAL,AU_01_05,SI,NO,NO,NO,242.66310000000522,20.503200000151992,11.09579999999994,244.35800000000745,19.674100000411272,11.09579999999994,REVISIÓN PRELIMINAR; NO ES DISEÑO DE LABOR
TR-0175,SN304W_Z860_0,SN304W,204.313275425134,206.0888017628744,1.7873657488242798,1.0566666666666669,0.08499999999999999,0.08981666666666667,PRINCIPAL,AU_01_05,SI,NO,NO,NO,202.67765541002154,25.769269480369985,11.190239959999985,204.46238829998765,25.672290969640017,11.190239959999985,REVISIÓN PRELIMINAR; NO ES DISEÑO DE LABOR
TR-0176,SN304W_Z860_0,SN304W,206.0888017628744,207.98799113568575,2.012781972227182,0.45666666666666667,0.11,0.05023333333333333,PRINCIPAL,AU_00_01,NO,NO,NO,NO,204.46238829998765,25.672290969640017,11.190239959999985,206.4467935699504,26.00908020976931,11.190239959999985,REVISIÓN PRELIMINAR; NO ES DISEÑO DE LABOR
TR-0177,SN304W_Z860_0,SN304W,207.98799113568575,209.7940074172563,1.9027834575524643,0.4164102564102564,0.13,0.05413333333333334,PRINCIPAL,AU_00_01,NO,NO,NO,NO,206.4467935699504,26.00908020976931,11.190239959999985,208.32793946994934,26.294828670099378,11.175313249999931,REVISIÓN PRELIMINAR; NO ES DISEÑO DE LABOR
TR-0178,SN304W_Z860_0,SN304W,209.7940074172563,211.81437279691167,2.0208938803529395,0.6428571428571429,0.07,0.045000000000000005,PRINCIPAL,AU_00_01,NO,NO,NO,NO,208.32793946994934,26.294828670099378,11.175313249999931,210.31382615992334,25.92171906027943,11.142827109999985,REVISIÓN PRELIMINAR; NO ES DISEÑO DE LABOR
TR-0179,SN304W_Z860_0,SN304W,211.81437279691167,213.79043048145112,1.9894596307195922,0.15999999999999998,0.065,0.0104,PRINCIPAL,AU_00_01,NO,NO,NO,NO,210.31382615992334,25.92171906027943,11.142827109999985,212.22321555996314,25.36422611027956,11.105633669999975,REVISIÓN PRELIMINAR; NO ES DISEÑO DE LABOR
TR-0180,SN304W_Z860_0,SN304W,213.79043048145112,215.76801065204043,1.9961497083841073,5.916190476190476,0.105,0.6212,PRINCIPAL,AU_05_15,SI,SI,SI,NO,212.22321555996314,25.36422611027956,11.105633669999975,214.21708660002332,25.29149517044425,11.043972139999937,REVISIÓN PRELIMINAR; NO ES DISEÑO DE LABOR
TR-0181,SN304W_Z860_0,SN304W,215.76801065204043,217.6079923458551,1.8615682245589147,17.2175,0.16,2.7548000000000004,PRINCIPAL,AU_15_50,SI,SI,SI,SI,214.21708660002332,25.29149517044425,11.043972139999937,216.0769391199574,25.25137470010668,10.97486927,REVISIÓN PRELIMINAR; NO ES DISEÑO DE LABOR
TR-0182,SN304W_Z860_0,SN304W,217.6079923458551,217.6651663891865,0.307628342736456,16.15382716049383,0.135,2.180766666666667,PRINCIPAL,AU_15_50,SI,SI,SI,SI,216.0769391199574,25.25137470010668,10.97486927,216.18426810996607,25.539671749807894,10.974164789999918,REVISIÓN PRELIMINAR; NO ES DISEÑO DE LABOR
TR-0183,TJ0279_Z930_0,TJ0279,187.9126440459346,189.896886912444,1.989195033275411,0.1974358974358974,0.065,0.012833333333333332,PRINCIPAL,AU_00_01,NO,NO,NO,NO,184.77308452001307,18.371690340340137,80.39017710999997,186.70525351993274,17.898805749602616,80.39017710999997,REVISIÓN PRELIMINAR; NO ES DISEÑO DE LABOR
TR-0184,TJ0279_Z930_0,TJ0279,189.896886912444,191.81043633261223,1.9183251543608164,4.961724137931034,0.145,0.7194499999999999,PRINCIPAL,AU_01_05,SI,SI,NO,NO,186.70525351993274,17.898805749602616,80.39017710999997,188.56858433003072,17.44276881031692,80.39017710999997,REVISIÓN PRELIMINAR; NO ES DISEÑO DE LABOR
TR-0185,TJ0279_Z930_0,TJ0279,191.81043633261223,193.8431100972865,2.051120882811261,6.866274509803921,0.16999999999999998,1.1672666666666665,PRINCIPAL,AU_05_15,SI,SI,SI,NO,188.56858433003072,17.44276881031692,80.39017710999997,190.5258601399837,16.829443220049143,80.39017710999997,REVISIÓN PRELIMINAR; NO ES DISEÑO DE LABOR
TR-0186,TJ0279_Z930_0,TJ0279,193.8431100972865,195.75595634794428,1.9414221708628188,6.23440476190476,0.14,0.8728166666666665,PRINCIPAL,AU_05_15,SI,SI,SI,NO,190.5258601399837,16.829443220049143,80.39017710999997,192.46727699995972,16.833984290249646,80.39017710999997,REVISIÓN PRELIMINAR; NO ES DISEÑO DE LABOR
TR-0187,TJ0279_Z930_0,TJ0279,195.75595634794428,197.84779570071143,2.096194822577391,4.954583333333334,0.12,0.59455,PRINCIPAL,AU_01_05,SI,SI,NO,NO,192.46727699995972,16.833984290249646,80.39017710999997,194.55193320999388,16.61434544995427,80.39017710999997,REVISIÓN PRELIMINAR; NO ES DISEÑO DE LABOR
TR-0188,TJ0279_Z930_0,TJ0279,197.84779570071143,199.9052756919756,2.106667268108144,15.675964912280703,0.095,1.4892166666666669,PRINCIPAL,AU_15_50,SI,SI,SI,SI,194.55193320999388,16.61434544995427,80.39017710999997,196.65626721002627,16.71346857957542,80.39017710999997,REVISIÓN PRELIMINAR; NO ES DISEÑO DE LABOR
TR-0189,TJ0279_Z930_0,TJ0279,199.9052756919756,199.9052756919756,2.8063569600000164,18.595384615384614,0.13,2.4173999999999998,PRINCIPAL,AU_15_50,SI,SI,SI,SI,196.65626721002627,16.71346857957542,80.39017710999997,196.65626721002627,16.71346857957542,83.19653406999998,REVISIÓN PRELIMINAR; NO ES DISEÑO DE LABOR
TR-0190,TJ0279_Z930_0,TJ0279,199.9052756919756,201.8653208639916,3.4443269825816407,11.254,0.1,1.1254,PRINCIPAL,AU_05_15,SI,SI,SI,NO,196.65626721002627,16.71346857957542,83.19653406999998,198.6526709999889,16.75952162966132,80.39017710999997,REVISIÓN PRELIMINAR; NO ES DISEÑO DE LABOR
TR-0191,TJ0279_Z930_0,TJ0279,201.8653208639916,201.8653208639916,2.8063569600000164,1.3603448275862071,0.145,0.19725,PRINCIPAL,AU_01_05,SI,NO,NO,NO,198.6526709999889,16.75952162966132,80.39017710999997,198.6526709999889,16.75952162966132,83.19653406999998,REVISIÓN PRELIMINAR; NO ES DISEÑO DE LABOR
TR-0192,TJ0279_Z930_0,TJ0279,201.8653208639916,203.42432261048387,3.247461611371188,1.4060416666666666,0.16,0.22496666666666668,PRINCIPAL,AU_01_05,SI,NO,NO,NO,198.6526709999889,16.75952162966132,83.19653406999998,200.27193971001543,16.979376980103552,80.39017710999997,REVISIÓN PRELIMINAR; NO ES DISEÑO DE LABOR
TR-0193,TJ0279_Z930_0,TJ0279,203.42432261048387,203.42432261048387,2.8063569600000164,29.22753086419753,0.135,3.9457166666666668,PRINCIPAL,AU_15_50,SI,SI,SI,SI,200.27193971001543,16.979376980103552,80.39017710999997,200.27193971001543,16.979376980103552,83.19653406999998,REVISIÓN PRELIMINAR; NO ES DISEÑO DE LABOR
TR-0194,TJ0279_Z930_0,TJ0279,203.42432261048387,205.43414135705456,3.464696506214171,29.579195402298847,0.14500000000000002,4.288983333333333,PRINCIPAL,AU_15_50,SI,SI,SI,SI,200.27193971001543,16.979376980103552,83.19653406999998,202.303314890014,16.934685019776225,80.39017710999997,REVISIÓN PRELIMINAR; NO ES DISEÑO DE LABOR
TR-0195,TJ0279_Z930_0,TJ0279,205.43414135705456,205.43414135705456,2.8063569600000164,9.32438596491228,0.095,0.8858166666666666,PRINCIPAL,AU_05_15,SI,SI,SI,NO,202.303314890014,16.934685019776225,80.39017710999997,202.303314890014,16.934685019776225,83.19653406999998,REVISIÓN PRELIMINAR; NO ES DISEÑO DE LABOR
TR-0196,TJ0279_Z930_0,TJ0279,205.43414135705456,207.6123095623896,3.581119061233925,7.505151515151514,0.11,0.8255666666666666,PRINCIPAL,AU_05_15,SI,SI,SI,NO,202.303314890014,16.934685019776225,83.19653406999998,204.52652185002808,17.012948400340974,80.39017710999997,REVISIÓN PRELIMINAR; NO ES DISEÑO DE LABOR
TR-0197,TJ0279_Z930_0,TJ0279,207.6123095623896,207.6123095623896,2.8063569600000164,9.032424242424245,0.11,0.9935666666666669,PRINCIPAL,AU_05_15,SI,SI,SI,NO,204.52652185002808,17.012948400340974,80.39017710999997,204.52652185002808,17.012948400340974,83.19653406999998,REVISIÓN PRELIMINAR; NO ES DISEÑO DE LABOR
TR-0198,TJ0279_Z930_0,TJ0279,207.6123095623896,209.5320788529746,3.41893266036812,7.861333333333334,0.5,3.930666666666667,PRINCIPAL,AU_05_15,SI,SI,SI,NO,204.52652185002808,17.012948400340974,83.19653406999998,206.479117579991,17.041776590049267,80.39017710999997,REVISIÓN PRELIMINAR; NO ES DISEÑO DE LABOR
TR-0199,TJ0279_Z930_0,TJ0279,209.5320788529746,209.5320788529746,2.8063569600000164,11.156666666666666,0.55,6.136166666666667,PRINCIPAL,AU_05_15,SI,SI,SI,NO,206.479117579991,17.041776590049267,80.39017710999997,206.479117579991,17.041776590049267,83.19653406999998,REVISIÓN PRELIMINAR; NO ES DISEÑO DE LABOR
TR-0200,TJ0279_Z930_0,TJ0279,209.5320788529746,211.4404213568213,3.3964286989289554,20.94285714285714,0.14,2.932,PRINCIPAL,AU_15_50,SI,SI,SI,SI,206.479117579991,17.041776590049267,83.19653406999998,208.38295271003153,16.85336131043732,80.39017710999997,REVISIÓN PRELIMINAR; NO ES DISEÑO DE LABOR
TR-0201,TJ0279_Z930_0,TJ0279,211.4404213568213,211.4404213568213,2.8063569600000164,6.566666666666668,0.09,0.5910000000000001,PRINCIPAL,AU_05_15,SI,SI,SI,NO,208.38295271003153,16.85336131043732,80.39017710999997,208.38295271003153,16.85336131043732,83.19653406999998,REVISIÓN PRELIMINAR; NO ES DISEÑO DE LABOR
TR-0202,TJ0279_Z935_0,TJ0279,187.9126440459346,189.896886912444,1.989195033275411,19.00444444444444,0.10500000000000001,1.9954666666666665,PRINCIPAL,AU_15_50,SI,SI,SI,SI,184.77308452001307,18.371690340340137,84.45912624999994,186.70525351993274,17.898805749602616,84.45912624999994,REVISIÓN PRELIMINAR; NO ES DISEÑO DE LABOR
TR-0203,TJ0279_Z935_0,TJ0279,189.896886912444,191.81043633261223,1.9183251543608164,22.251666666666665,0.14,3.1152333333333333,PRINCIPAL,AU_15_50,SI,SI,SI,SI,186.70525351993274,17.898805749602616,84.45912624999994,188.56858433003072,17.44276881031692,84.45912624999994,REVISIÓN PRELIMINAR; NO ES DISEÑO DE LABOR
TR-0204,TJ0279_Z935_0,TJ0279,191.81043633261223,193.8431100972865,2.051120882811261,30.992400000000004,0.125,3.8740500000000004,PRINCIPAL,AU_15_50,SI,SI,SI,SI,188.56858433003072,17.44276881031692,84.45912624999994,190.5258601399837,16.829443220049143,84.45912624999994,REVISIÓN PRELIMINAR; NO ES DISEÑO DE LABOR
TR-0205,TJ0279_Z935_0,TJ0279,193.8431100972865,195.75595634794428,1.9414221708628188,16.434927536231886,0.11499999999999999,1.8900166666666667,PRINCIPAL,AU_15_50,SI,SI,SI,SI,190.5258601399837,16.829443220049143,84.45912624999994,192.46727699995972,16.833984290249646,84.45912624999994,REVISIÓN PRELIMINAR; NO ES DISEÑO DE LABOR
TR-0206,TJ0279_Z935_0,TJ0279,195.75595634794428,197.84779570071143,2.096194822577391,1.9066666666666665,0.18,0.34319999999999995,PRINCIPAL,AU_01_05,SI,NO,NO,NO,192.46727699995972,16.833984290249646,84.45912624999994,194.55193320999388,16.61434544995427,84.45912624999994,REVISIÓN PRELIMINAR; NO ES DISEÑO DE LABOR
TR-0207,TJ0279_Z935_1,TJ0279,216.6570431081992,216.6570431081992,1.7021293000000242,106.89129411764706,0.425,45.4288,PRINCIPAL,AU_GE_50,SI,SI,SI,SI,213.57681134995073,16.27727985009551,84.27016185999992,213.57681134995073,16.27727985009551,85.97229115999994,REVISIÓN PRELIMINAR; NO ES DISEÑO DE LABOR
TR-0208,TJ0279_Z935_1,TJ0279,216.6570431081992,218.65355594232744,2.6569140336826553,201.03999999999996,0.28500000000000003,57.2964,PRINCIPAL,AU_GE_50,SI,SI,SI,SI,213.57681134995073,16.27727985009551,85.97229115999994,215.6154546199832,16.353971740230918,84.27016185999992,REVISIÓN PRELIMINAR; NO ES DISEÑO DE LABOR
TR-0209,TJ0279_Z935_1,TJ0279,218.65355594232744,218.65355594232744,1.7021293000000242,66.08983050847456,0.29500000000000004,19.496499999999997,PRINCIPAL,AU_GE_50,SI,SI,SI,SI,215.6154546199832,16.353971740230918,84.27016185999992,215.6154546199832,16.353971740230918,85.97229115999994,REVISIÓN PRELIMINAR; NO ES DISEÑO DE LABOR
TR-0210,TJ0279_Z935_1,TJ0279,218.65355594232744,220.53458670268395,2.562500704455653,48.12068627450981,0.255,12.270775,PRINCIPAL,AU_15_50,SI,SI,SI,SI,215.6154546199832,16.353971740230918,85.97229115999994,217.53055618994404,16.39336314983666,84.27016185999992,REVISIÓN PRELIMINAR; NO ES DISEÑO DE LABOR
TR-0211,TJ0279_Z935_1,TJ0279,220.53458670268395,220.53458670268395,1.7021293000000242,80.78944444444444,0.135,10.906575,PRINCIPAL,AU_GE_50,SI,SI,SI,SI,217.53055618994404,16.39336314983666,84.27016185999992,217.53055618994404,16.39336314983666,85.97229115999994,REVISIÓN PRELIMINAR; NO ES DISEÑO DE LABOR
TR-0212,TJ0279_Z935_1,TJ0279,220.53458670268395,222.52580529837027,2.6512486236767003,30.034285714285716,0.21000000000000002,6.307200000000001,PRINCIPAL,AU_15_50,SI,SI,SI,SI,217.53055618994404,16.39336314983666,85.97229115999994,219.4243575599976,15.654856899753213,84.27016185999992,REVISIÓN PRELIMINAR; NO ES DISEÑO DE LABOR
TR-0213,TJ0279_Z935_1,TJ0279,222.52580529837027,222.52580529837027,1.7021293000000242,32.69197183098592,0.355,11.60565,PRINCIPAL,AU_15_50,SI,SI,SI,SI,219.4243575599976,15.654856899753213,84.27016185999992,219.4243575599976,15.654856899753213,85.97229115999994,REVISIÓN PRELIMINAR; NO ES DISEÑO DE LABOR
TR-0214,TJ0279_Z935_1,TJ0279,222.52580529837027,224.6191309591075,2.6988850838465384,43.18655172413793,0.29000000000000004,12.5241,PRINCIPAL,AU_15_50,SI,SI,SI,SI,219.4243575599976,15.654856899753213,85.97229115999994,221.49929375993088,15.369591570459306,84.27016185999992,REVISIÓN PRELIMINAR; NO ES DISEÑO DE LABOR
TR-0215,TJ0279_Z935_1,TJ0279,224.6191309591075,224.6191309591075,1.7021293000000242,10.931911764705884,0.34,3.716850000000001,PRINCIPAL,AU_05_15,SI,SI,SI,NO,221.49929375993088,15.369591570459306,84.27016185999992,221.49929375993088,15.369591570459306,85.97229115999994,REVISIÓN PRELIMINAR; NO ES DISEÑO DE LABOR
TR-0216,TJ0279_Z935_1,TJ0279,224.6191309591075,226.4069588254193,2.4782113971477684,21.953333333333333,0.375,8.2325,PRINCIPAL,AU_15_50,SI,SI,SI,SI,221.49929375993088,15.369591570459306,85.97229115999994,223.2245855500223,14.85223693959415,84.27016185999992,REVISIÓN PRELIMINAR; NO ES DISEÑO DE LABOR
TR-0217,TJ0279_Z935_1,TJ0279,226.4069588254193,226.4069588254193,1.7021293000000242,126.80380952380955,0.35,44.38133333333334,PRINCIPAL,AU_GE_50,SI,SI,SI,SI,223.2245855500223,14.85223693959415,84.27016185999992,223.2245855500223,14.85223693959415,85.97229115999994,REVISIÓN PRELIMINAR; NO ES DISEÑO DE LABOR
TR-0218,TJ0279_Z935_1,TJ0279,226.4069588254193,228.3409425576797,2.6481931979355218,119.4380392156863,0.33999999999999997,40.60893333333334,PRINCIPAL,AU_GE_50,SI,SI,SI,SI,223.2245855500223,14.85223693959415,85.97229115999994,225.23419376998208,15.13000997994095,84.27016185999992,REVISIÓN PRELIMINAR; NO ES DISEÑO DE LABOR
TR-0219,TJ0279_Z935_1,TJ0279,228.3409425576797,228.3409425576797,1.7021293000000242,27.779393939393945,0.16499999999999998,4.583600000000001,PRINCIPAL,AU_15_50,SI,SI,SI,SI,225.23419376998208,15.13000997994095,84.27016185999992,225.23419376998208,15.13000997994095,85.97229115999994,REVISIÓN PRELIMINAR; NO ES DISEÑO DE LABOR
TR-0220,TJ0279_Z935_1,TJ0279,228.3409425576797,230.3428110744631,2.6300652990045386,21.215172413793102,0.14500000000000002,3.0762,PRINCIPAL,AU_15_50,SI,SI,SI,SI,225.23419376998208,15.13000997994095,85.97229115999994,227.22626238001976,14.902717269957066,84.27016185999992,REVISIÓN PRELIMINAR; NO ES DISEÑO DE LABOR
TR-0221,TJ0279_Z935_1,TJ0279,230.3428110744631,230.3428110744631,1.7021293000000242,9.959999999999999,0.14500000000000002,1.4442000000000002,PRINCIPAL,AU_05_15,SI,SI,SI,NO,227.22626238001976,14.902717269957066,84.27016185999992,227.22626238001976,14.902717269957066,85.97229115999994,REVISIÓN PRELIMINAR; NO ES DISEÑO DE LABOR
TR-0222,TJ0279_Z935_1,TJ0279,230.3428110744631,232.7152740166925,2.929936894911552,31.947321428571424,0.14,4.472625,PRINCIPAL,AU_15_50,SI,SI,SI,SI,227.22626238001976,14.902717269957066,85.97229115999994,229.6056067799218,14.7414526399225,84.27016185999992,REVISIÓN PRELIMINAR; NO ES DISEÑO DE LABOR
TR-0223,TJ0279_Z935_1,TJ0279,232.7152740166925,232.7152740166925,1.7021293000000242,40.10398550724637,0.115,4.611958333333333,PRINCIPAL,AU_15_50,SI,SI,SI,SI,229.6056067799218,14.7414526399225,84.27016185999992,229.6056067799218,14.7414526399225,85.97229115999994,REVISIÓN PRELIMINAR; NO ES DISEÑO DE LABOR
TR-0224,TJ0279_Z935_1,TJ0279,232.7152740166925,234.5184536158656,2.489368591868787,13.25421568627451,0.085,1.1266083333333334,PRINCIPAL,AU_05_15,SI,SI,SI,NO,229.6056067799218,14.7414526399225,85.97229115999994,231.42000615992583,14.65389281976968,84.27016185999992,REVISIÓN PRELIMINAR; NO ES DISEÑO DE LABOR
TR-0225,TJ0279_Z935_1,TJ0279,234.5184536158656,234.5184536158656,1.7021293000000242,15.056594202898552,0.115,1.7315083333333334,PRINCIPAL,AU_15_50,SI,SI,SI,SI,231.42000615992583,14.65389281976968,84.27016185999992,231.42000615992583,14.65389281976968,85.97229115999994,REVISIÓN PRELIMINAR; NO ES DISEÑO DE LABOR
TR-0226,TJ0279_Z935_1,TJ0279,234.5184536158656,236.5176978076341,2.638178789726524,9.285888888888888,0.15000000000000002,1.3928833333333335,PRINCIPAL,AU_05_15,SI,SI,SI,NO,231.42000615992583,14.65389281976968,85.97229115999994,233.43386425997596,14.569520279765129,84.27016185999992,REVISIÓN PRELIMINAR; NO ES DISEÑO DE LABOR
TR-0227,TJ0279_Z935_1,TJ0279,236.5176978076341,236.5176978076341,1.7021293000000242,0.9831944444444446,0.12000000000000001,0.11798333333333336,PRINCIPAL,AU_00_01,NO,NO,NO,NO,233.43386425997596,14.569520279765129,84.27016185999992,233.43386425997596,14.569520279765129,85.97229115999994,REVISIÓN PRELIMINAR; NO ES DISEÑO DE LABOR
TR-0228,TJ0279_Z935_1,TJ0279,236.5176978076341,238.39826043189765,2.5711778359253006,1.1476190476190475,0.07,0.08033333333333334,PRINCIPAL,AU_01_05,SI,NO,NO,NO,233.43386425997596,14.569520279765129,85.97229115999994,235.3584810399916,14.667303510010242,84.27016185999992,REVISIÓN PRELIMINAR; NO ES DISEÑO DE LABOR
TR-0229,TJ0279_Z935_1,TJ0279,238.39826043189765,238.39826043189765,1.7021293000000242,11.119166666666668,0.04,0.44476666666666675,PRINCIPAL,AU_05_15,SI,SI,SI,NO,235.3584810399916,14.667303510010242,84.27016185999992,235.3584810399916,14.667303510010242,85.97229115999994,REVISIÓN PRELIMINAR; NO ES DISEÑO DE LABOR
TR-0230,TJ0279_Z935_1,TJ0279,238.39826043189765,240.36220393982336,2.6441639051234906,16.76666666666667,0.13,2.179666666666667,PRINCIPAL,AU_15_50,SI,SI,SI,SI,235.3584810399916,14.667303510010242,85.97229115999994,237.37644372996874,14.816250430420041,84.27016185999992,REVISIÓN PRELIMINAR; NO ES DISEÑO DE LABOR
TR-0231,TJ0279_Z935_1,TJ0279,240.36220393982336,240.36220393982336,1.7021293000000242,11.513958333333331,0.16,1.842233333333333,PRINCIPAL,AU_05_15,SI,SI,SI,NO,237.37644372996874,14.816250430420041,84.27016185999992,237.37644372996874,14.816250430420041,85.97229115999994,REVISIÓN PRELIMINAR; NO ES DISEÑO DE LABOR
TR-0232,TJ0279_Z935_1,TJ0279,240.36220393982336,242.39027963311088,2.6593010188292916,3.3354022988505743,0.14500000000000002,0.4836333333333333,PRINCIPAL,AU_01_05,SI,SI,NO,NO,237.37644372996874,14.816250430420041,85.97229115999994,239.41731019993313,14.71877321973443,84.27016185999992,REVISIÓN PRELIMINAR; NO ES DISEÑO DE LABOR
TR-0233,TJ0279_Z935_1,TJ0279,242.39027963311088,242.39027963311088,1.7021293000000242,17.78117647058824,0.255,4.534200000000001,PRINCIPAL,AU_15_50,SI,SI,SI,SI,239.41731019993313,14.71877321973443,84.27016185999992,239.41731019993313,14.71877321973443,85.97229115999994,REVISIÓN PRELIMINAR; NO ES DISEÑO DE LABOR
TR-0234,TJ0279_Z935_1,TJ0279,242.39027963311088,244.29186157226724,2.568467378244255,21.79727272727273,0.22,4.795400000000001,PRINCIPAL,AU_15_50,SI,SI,SI,SI,239.41731019993313,14.71877321973443,85.97229115999994,241.34046579001006,14.683374130167067,84.27016185999992,REVISIÓN PRELIMINAR; NO ES DISEÑO DE LABOR
TR-0235,TJ0279_Z935_1,TJ0279,244.29186157226724,244.29186157226724,1.7021293000000242,9.85409523809524,0.175,1.724466666666667,PRINCIPAL,AU_05_15,SI,SI,SI,NO,241.34046579001006,14.683374130167067,84.27016185999992,241.34046579001006,14.683374130167067,85.97229115999994,REVISIÓN PRELIMINAR; NO ES DISEÑO DE LABOR
TR-0236,TJ0279_Z940_0,TJ0279,194.354472993256,198.3305259745089,3.9990806442983153,7.763218390804598,0.14500000000000002,1.1256666666666668,PRINCIPAL,AU_05_15,SI,SI,SI,NO,191.3059999999823,18.356999999843538,91.46499999999992,195.2949999999255,18.09499999973923,91.57399999999996,REVISIÓN PRELIMINAR; NO ES DISEÑO DE LABOR
TR-0237,TJ0279_Z940_0,TJ0279,198.3305259745089,200.32365082351728,2.0028874157179875,0.6229166666666667,0.12,0.07475,PRINCIPAL,AU_00_01,NO,NO,NO,NO,195.2949999999255,18.09499999973923,91.57399999999996,197.28799999994226,17.924999999813735,91.67699999999991,REVISIÓN PRELIMINAR; NO ES DISEÑO DE LABOR
TR-0238,TJ0279_Z940_0,TJ0279,200.32365082351728,202.28836606992596,1.9987716228137584,4.5522222222222215,0.135,0.6145499999999999,PRINCIPAL,AU_01_05,SI,SI,NO,NO,197.28799999994226,17.924999999813735,91.67699999999991,199.2839999999851,17.940999999642372,91.78099999999995,REVISIÓN PRELIMINAR; NO ES DISEÑO DE LABOR
TR-0239,TJ0279_Z940_0,TJ0279,202.28836606992596,204.2427421105452,2.010562359191,5.387241379310344,0.145,0.7811499999999999,PRINCIPAL,AU_05_15,SI,SI,SI,NO,199.2839999999851,17.940999999642372,91.78099999999995,201.28200000000652,18.03000000026077,91.98699999999997,REVISIÓN PRELIMINAR; NO ES DISEÑO DE LABOR
TR-0240,TJ0279_Z940_0,TJ0279,204.2427421105452,206.2021511373595,2.0000564991375382,128.34273809523808,0.14,17.967983333333333,PRINCIPAL,AU_GE_50,SI,SI,SI,SI,201.28200000000652,18.03000000026077,91.98699999999997,203.28099999995902,18.09499999973923,91.98699999999997,REVISIÓN PRELIMINAR; NO ES DISEÑO DE LABOR
TR-0241,TJ0279_Z940_0,TJ0279,206.2021511373595,208.184768142875,2.000226237194886,152.62249999999997,0.12000000000000001,18.3147,PRINCIPAL,AU_GE_50,SI,SI,SI,SI,203.28099999995902,18.09499999973923,91.98699999999997,205.27599999995437,17.998999999836087,92.09499999999991,REVISIÓN PRELIMINAR; NO ES DISEÑO DE LABOR
TR-0242,TJ0279_Z940_0,TJ0279,208.184768142875,210.1573047717328,2.0027144079980634,34.94024242424242,0.275,9.608566666666666,PRINCIPAL,AU_15_50,SI,SI,SI,SI,205.27599999995437,17.998999999836087,92.09499999999991,207.27599999995437,17.99199999962002,92.19899999999996,REVISIÓN PRELIMINAR; NO ES DISEÑO DE LABOR
TR-0243,TJ103_Z910_0,TJ103,36.88754287376061,38.86088956291762,1.9997074576854896,1.8476190476190473,0.035,0.06466666666666666,PRINCIPAL,AU_01_05,SI,NO,NO,NO,37.35719633998815,52.29344537016004,60.70540822999999,39.247705599991605,51.641674970276654,60.70540822999999,REVISIÓN PRELIMINAR; NO ES DISEÑO DE LABOR
TR-0244,TJ103_Z910_0,TJ103,38.86088956291762,40.84784246909062,1.9949084912770434,1.115185185185185,0.09000000000000001,0.10036666666666667,PRINCIPAL,AU_01_05,SI,NO,NO,NO,39.247705599991605,51.641674970276654,60.70540822999999,41.17618682002649,51.13116534985602,60.70540822999999,REVISIÓN PRELIMINAR; NO ES DISEÑO DE LABOR
TR-0245,TJ103_Z910_0,TJ103,40.84784246909062,42.8450742271319,1.9973241127622725,2.854691358024691,0.27,0.7707666666666666,PRINCIPAL,AU_01_05,SI,NO,NO,NO,41.17618682002649,51.13116534985602,60.70540822999999,43.14157532993704,50.77542440965772,60.70540822999999,REVISIÓN PRELIMINAR; NO ES DISEÑO DE LABOR
TR-0246,TJ103_Z910_0,TJ103,42.8450742271319,48.78831746515257,5.9997053430309,3.0759999999999996,0.25,0.7689999999999999,PRINCIPAL,AU_01_05,SI,SI,NO,NO,43.14157532993704,50.77542440965772,60.70540822999999,49.13818064995576,50.582580329850316,60.70540822999999,REVISIÓN PRELIMINAR; NO ES DISEÑO DE LABOR
TR-0247,TJ103_Z910_0,TJ103,48.78831746515257,50.769657970084666,2.000000000526364,1.549298245614035,0.095,0.14718333333333333,PRINCIPAL,AU_01_05,SI,NO,NO,NO,49.13818064995576,50.582580329850316,60.70540822999999,51.137108749942854,50.51710931956768,60.70540822999999,REVISIÓN PRELIMINAR; NO ES DISEÑO DE LABOR
TR-0248,TJ103_Z910_0,TJ103,50.769657970084666,52.75158360910599,1.9973430132581282,1.5699999999999998,0.09,0.14129999999999998,PRINCIPAL,AU_01_05,SI,NO,NO,NO,51.137108749942854,50.51710931956768,60.70540822999999,53.13241915998515,50.42702335957438,60.70540822999999,REVISIÓN PRELIMINAR; NO ES DISEÑO DE LABOR
TR-0249,TJ103_Z910_0,TJ103,52.75158360910599,54.71928030045281,1.9999999965478008,4.187380952380952,0.07,0.2931166666666667,PRINCIPAL,AU_01_05,SI,SI,NO,NO,53.13241915998515,50.42702335957438,60.70540822999999,55.01156096998602,49.74231463018805,60.70540822999999,REVISIÓN PRELIMINAR; NO ES DISEÑO DE LABOR
TR-0250,TJ103_Z910_0,TJ103,54.71928030045281,56.68663047198902,2.0002988846169303,6.37925925925926,0.045,0.2870666666666667,PRINCIPAL,AU_05_15,SI,SI,SI,NO,55.01156096998602,49.74231463018805,60.70540822999999,56.88976145000197,49.054158699698746,60.70540822999999,REVISIÓN PRELIMINAR; NO ES DISEÑO DE LABOR
TR-0251,TJ103_Z910_0,TJ103,56.68663047198902,58.65432716333585,1.9999999965478008,2.468,0.05,0.12340000000000001,PRINCIPAL,AU_01_05,SI,NO,NO,NO,56.88976145000197,49.054158699698746,60.70540822999999,58.768903260002844,48.36944997031242,60.70540822999999,REVISIÓN PRELIMINAR; NO ES DISEÑO DE LABOR
TR-0252,TJ147_Z910_0,TJ147,60.981460206215445,62.96405558455206,2.0000000039578727,2.9366666666666665,0.03,0.0881,PRINCIPAL,AU_01_05,SI,NO,NO,NO,61.01136897993274,47.676937909796834,63.82161428999996,62.92117106996011,47.083089450374246,63.82161428999996,REVISIÓN PRELIMINAR; NO ES DISEÑO DE LABOR
TR-0253,TJ147_Z910_0,TJ147,62.96405558455206,64.96001998245379,1.9961623289381771,3.0526923076923076,0.13,0.39685,PRINCIPAL,AU_01_05,SI,SI,NO,NO,62.92117106996011,47.083089450374246,63.82161428999996,64.89328981994186,46.774201639927924,63.82161428999996,REVISIÓN PRELIMINAR; NO ES DISEÑO DE LABOR
TR-0254,TJ147_Z910_0,TJ147,64.96001998245379,66.98002324352322,2.0216468203142033,9.722857142857142,0.14,1.3612,PRINCIPAL,AU_05_15,SI,SI,SI,NO,64.89328981994186,46.774201639927924,63.82161428999996,66.89810719992965,46.51388810016215,63.82161428999996,REVISIÓN PRELIMINAR; NO ES DISEÑO DE LABOR
TR-0255,TJ147_Z910_0,TJ147,66.98002324352322,68.95676805752223,1.9783531765738223,27.33666666666667,0.045,1.23015,PRINCIPAL,AU_15_50,SI,SI,SI,SI,66.89810719992965,46.51388810016215,63.82161428999996,68.85999133996665,46.25914919003844,63.82161428999996,REVISIÓN PRELIMINAR; NO ES DISEÑO DE LABOR
TR-0256,TJ147_Z910_0,TJ147,68.95676805752223,70.95535372489108,1.9998443863854054,7.035714285714285,0.035,0.24625,PRINCIPAL,AU_05_15,SI,SI,SI,NO,68.85999133996665,46.25914919003844,63.82161428999996,70.84191709000152,45.99203892983496,63.82161428999996,REVISIÓN PRELIMINAR; NO ES DISEÑO DE LABOR
TR-0257,TJ147_Z910_0,TJ147,70.95535372489108,74.95203710327527,3.9974631237489247,0.21888888888888888,0.045,0.00985,PRINCIPAL,AU_00_01,NO,NO,NO,NO,70.84191709000152,45.99203892983496,63.82161428999996,74.79467456997372,45.39586803968996,63.82161428999996,REVISIÓN PRELIMINAR; NO ES DISEÑO DE LABOR
TR-0258,TJ147_Z910_0,TJ147,74.95203710327527,76.94261183505638,2.0000000037246655,0.7293333333333333,0.05,0.03646666666666667,PRINCIPAL,AU_00_01,NO,NO,NO,NO,74.79467456997372,45.39586803968996,63.82161428999996,76.78944586997386,45.251343039795756,63.82161428999996,REVISIÓN PRELIMINAR; NO ES DISEÑO DE LABOR
TR-0259,TJ147_Z910_0,TJ147,76.94261183505638,78.93318656510986,2.0000000029843688,9.936363636363636,0.05500000000000001,0.5465,PRINCIPAL,AU_05_15,SI,SI,SI,NO,76.78944586997386,45.251343039795756,63.82161428999996,78.784217169974,45.1068180501461,63.82161428999996,REVISIÓN PRELIMINAR; NO ES DISEÑO DE LABOR
TR-0260,TJ147_Z915_0,TJ147,81.45506626805667,83.45724286407477,2.002739368484752,3.4455555555555546,0.15000000000000002,0.5168333333333333,PRINCIPAL,AU_01_05,SI,SI,NO,NO,81.28191149001941,44.75128006003797,65.03597692999995,83.24740702996496,44.366842470131814,65.03597692999995,REVISIÓN PRELIMINAR; NO ES DISEÑO DE LABOR
TR-0261,TJ147_Z915_0,TJ147,83.45724286407477,85.41990843800228,1.987796744337176,15.805151515151515,0.11,1.7385666666666666,PRINCIPAL,AU_15_50,SI,SI,SI,SI,83.24740702996496,44.366842470131814,65.03597692999995,85.12882789992727,43.725288569927216,65.03597692999995,REVISIÓN PRELIMINAR; NO ES DISEÑO DE LABOR
TR-0262,TJ147_Z915_0,TJ147,85.41990843800228,87.35735228070646,2.0000000011491386,15.865714285714285,0.14,2.2212,PRINCIPAL,AU_15_50,SI,SI,SI,SI,85.12882789992727,43.725288569927216,65.03597692999995,86.95482927002013,42.90937251970172,65.03597692999995,REVISIÓN PRELIMINAR; NO ES DISEÑO DE LABOR
TR-0263,TJ147_Z915_0,TJ147,87.35735228070646,89.29806549537787,1.9923275420182205,8.362,0.15000000000000002,1.2543000000000002,PRINCIPAL,AU_05_15,SI,SI,SI,NO,86.95482927002013,42.90937251970172,65.03597692999995,88.79176685994025,42.1379910800606,65.03597692999995,REVISIÓN PRELIMINAR; NO ES DISEÑO DE LABOR
TR-0264,TJ147_Z915_0,TJ147,89.29806549537787,91.28639987954418,2.000000007423475,9.3,0.12000000000000001,1.116,PRINCIPAL,AU_05_15,SI,SI,SI,NO,88.79176685994025,42.1379910800606,65.03597692999995,90.78799962997437,42.015293249860406,65.03597692999995,REVISIÓN PRELIMINAR; NO ES DISEÑO DE LABOR
TR-0265,TJ147_Z915_0,TJ147,91.28639987954418,93.27473425384218,1.9999999974306155,11.442777777777778,0.12000000000000001,1.3731333333333335,PRINCIPAL,AU_05_15,SI,SI,SI,NO,90.78799962997437,42.015293249860406,65.03597692999995,92.78423238999676,41.89259541966021,65.03597692999995,REVISIÓN PRELIMINAR; NO ES DISEÑO DE LABOR
TR-0266,TJ180_Z915_0,TJ180,101.03892871663982,103.00503845699612,1.9999999988923605,14.163333333333338,0.175,2.478583333333334,PRINCIPAL,AU_05_15,SI,SI,SI,NO,100.69252551998943,42.07545320969075,65.05458534999991,102.6923033199273,42.105265060439706,65.05458534999991,REVISIÓN PRELIMINAR; NO ES DISEÑO DE LABOR
TR-0267,TJ180_Z915_0,TJ180,103.00503845699612,104.96909876133634,2.000514752290997,8.781633986928107,0.255,2.2393166666666673,PRINCIPAL,AU_05_15,SI,SI,SI,NO,102.6923033199273,42.105265060439706,65.05458534999991,104.69234493002295,42.148771749809384,65.05458534999991,REVISIÓN PRELIMINAR; NO ES DISEÑO DE LABOR
TR-0268,TJ180_Z915_0,TJ180,104.96909876133634,106.93553577179928,1.9745475137531618,0.1279047619047619,0.175,0.02238333333333333,PRINCIPAL,AU_00_01,NO,NO,NO,NO,104.69234493002295,42.148771749809384,65.05458534999991,106.60046920995228,41.640933570452034,65.05458534999991,REVISIÓN PRELIMINAR; NO ES DISEÑO DE LABOR
TR-0269,TJ229_Z925_0,TJ229,140.73489701144024,142.72925462318418,1.999950499448671,0.6226666666666666,0.05,0.031133333333333332,PRINCIPAL,AU_00_01,NO,NO,NO,NO,139.37099999992643,32.75700000021607,75.81399999999996,141.3619999999646,32.5679999999702,75.81399999999996,REVISIÓN PRELIMINAR; NO ES DISEÑO DE LABOR
TR-0270,TJ229_Z925_0,TJ229,142.72925462318418,144.72499014663117,1.9965895922490653,1.6146666666666667,0.05,0.08073333333333334,PRINCIPAL,AU_01_05,SI,NO,NO,NO,141.3619999999646,32.5679999999702,75.81399999999996,143.3389999999199,32.28899999987334,75.81399999999996,REVISIÓN PRELIMINAR; NO ES DISEÑO DE LABOR
TR-0271,TJ229_Z925_0,TJ229,144.72499014663117,146.72043426844257,2.000456198005339,1.918095238095238,0.035,0.06713333333333334,PRINCIPAL,AU_01_05,SI,NO,NO,NO,143.3389999999199,32.28899999987334,75.81399999999996,145.28200000000652,31.813000000081956,75.81399999999996,REVISIÓN PRELIMINAR; NO ES DISEÑO DE LABOR
TR-0272,TJ229_Z925_0,TJ229,146.72043426844257,148.71801572388668,2.0237808674906717,0.4879166666666667,0.08,0.03903333333333334,PRINCIPAL,AU_00_01,NO,NO,NO,NO,145.28200000000652,31.813000000081956,75.81399999999996,147.2399999999907,31.412000000476837,75.49599999999998,REVISIÓN PRELIMINAR; NO ES DISEÑO DE LABOR
TR-0273,TJ229_Z925_0,TJ229,148.71801572388668,150.70043794282154,1.997983233233226,0.5122916666666667,0.08,0.04098333333333334,PRINCIPAL,AU_00_01,NO,NO,NO,NO,147.2399999999907,31.412000000476837,75.49599999999998,149.23600000003353,31.32299999985844,75.49599999999998,REVISIÓN PRELIMINAR; NO ES DISEÑO DE LABOR
TR-0274,TJ229_Z925_0,TJ229,150.70043794282154,152.6949903411461,1.9996289655280886,0.6,0.03,0.018,PRINCIPAL,AU_00_01,NO,NO,NO,NO,149.23600000003353,31.32299999985844,75.49599999999998,151.22600000002421,31.127000000327826,75.49599999999998,REVISIÓN PRELIMINAR; NO ES DISEÑO DE LABOR
TR-0275,TJ229_Z925_0,TJ229,152.6949903411461,154.68541698474277,1.9989409695217668,7.532857142857142,0.035,0.26365,PRINCIPAL,AU_05_15,SI,SI,SI,NO,151.22600000002421,31.127000000327826,75.49599999999998,153.21899999992456,30.973000000230968,75.49599999999998,REVISIÓN PRELIMINAR; NO ES DISEÑO DE LABOR
TR-0276,TJ229_Z925_0,TJ229,154.68541698474277,156.6760122663147,1.9990182590831078,7.507142857142857,0.035,0.26275000000000004,PRINCIPAL,AU_05_15,SI,SI,SI,NO,153.21899999992456,30.973000000230968,75.49599999999998,155.21199999994133,30.817999999970198,75.49599999999998,REVISIÓN PRELIMINAR; NO ES DISEÑO DE LABOR
TR-0277,TJ229_Z925_0,TJ229,156.6760122663147,158.66879983960206,2.1170519596674007,0.9099999999999998,0.03,0.027299999999999994,PRINCIPAL,AU_00_01,NO,NO,NO,NO,155.21199999994133,30.817999999970198,75.49599999999998,157.2049999999581,30.65000000037253,76.18999999999994,REVISIÓN PRELIMINAR; NO ES DISEÑO DE LABOR
TR-0278,TJ229_Z925_0,TJ229,158.66879983960206,160.66306726023174,1.9986445407191262,0.6533333333333332,0.03,0.019599999999999996,PRINCIPAL,AU_00_01,NO,NO,NO,NO,157.2049999999581,30.65000000037253,76.18999999999994,159.1929999999702,30.44400000013411,76.18999999999994,REVISIÓN PRELIMINAR; NO ES DISEÑO DE LABOR
TR-0279,TJ229_Z925_0,TJ229,160.66306726023174,162.6606577998302,1.9981564002461991,0.19666666666666657,0.03,0.005899999999999997,PRINCIPAL,AU_00_01,NO,NO,NO,NO,159.1929999999702,30.44400000013411,76.18999999999994,161.1699999999255,30.154000000096858,76.18999999999994,REVISIÓN PRELIMINAR; NO ES DISEÑO DE LABOR
TR-0280,TJ229_Z925_0,TJ229,162.6606577998302,166.64135685401646,3.9941889039654814,1.1866666666666663,0.03,0.035599999999999986,PRINCIPAL,AU_01_05,SI,NO,NO,NO,161.1699999999255,30.154000000096858,76.18999999999994,165.14899999997579,29.80599999986589,76.18999999999994,REVISIÓN PRELIMINAR; NO ES DISEÑO DE LABOR
TR-0281,TJ229_Z925_0,TJ229,166.64135685401646,168.6265557248375,1.9967919270635526,1.1599999999999997,0.03,0.03479999999999999,PRINCIPAL,AU_01_05,SI,NO,NO,NO,165.14899999997579,29.80599999986589,76.18999999999994,167.14199999999255,29.683000000193715,76.18999999999994,REVISIÓN PRELIMINAR; NO ES DISEÑO DE LABOR
TR-0282,TJ229_Z925_0,TJ229,168.6265557248375,170.6166450928279,1.9987878826920595,13.619743589743585,0.065,0.8852833333333331,PRINCIPAL,AU_05_15,SI,SI,SI,NO,167.14199999999255,29.683000000193715,76.18999999999994,169.1350000000093,29.531000000424683,76.18999999999994,REVISIÓN PRELIMINAR; NO ES DISEÑO DE LABOR
TR-0283,TJ229_Z925_0,TJ229,170.6166450928279,172.61363686763167,2.0000382496126714,35.60456140350877,0.095,3.382433333333333,PRINCIPAL,AU_15_50,SI,SI,SI,SI,169.1350000000093,29.531000000424683,76.18999999999994,171.12199999997392,29.303000000305474,76.18999999999994,REVISIÓN PRELIMINAR; NO ES DISEÑO DE LABOR
TR-0284,TJ229_Z925_0,TJ229,172.61363686763167,174.6036477890329,2.4111590574486774,43.72533333333333,0.075,3.2794,PRINCIPAL,AU_15_50,SI,SI,SI,SI,171.12199999997392,29.303000000305474,76.18999999999994,173.11800000001676,29.16899999976158,77.53599999999994,REVISIÓN PRELIMINAR; NO ES DISEÑO DE LABOR
TR-0285,TJ229_Z925_0,TJ229,174.6036477890329,176.57924604762883,1.9992403556798002,17.46,0.045,0.7857,PRINCIPAL,AU_15_50,SI,SI,SI,SI,173.11800000001676,29.16899999976158,77.53599999999994,175.11699999996927,29.13800000026822,77.53599999999994,REVISIÓN PRELIMINAR; NO ES DISEÑO DE LABOR
TR-0286,TJ229_Z925_0,TJ229,176.57924604762883,178.54435352772649,1.982381648451603,37.64857142857143,0.035,1.3177,PRINCIPAL,AU_15_50,SI,SI,SI,SI,175.11699999996927,29.13800000026822,77.53599999999994,177.09799999999814,29.06400000024587,77.53599999999994,REVISIÓN PRELIMINAR; NO ES DISEÑO DE LABOR
TR-0287,TJ279_Z940_0,TJ279,214.44260560541292,216.4182300130008,2.09024926744441,49.08296296296296,0.225,11.043666666666667,PRINCIPAL,AU_15_50,SI,SI,SI,SI,211.62099999992643,17.976999999955297,92.79499999999996,213.61899999994785,17.940000000409782,93.4079999999999,REVISIÓN PRELIMINAR; NO ES DISEÑO DE LABOR
TR-0288,TJ279_Z940_0,TJ279,216.4182300130008,218.41263992261383,2.063653556287474,64.9463768115942,0.115,7.468833333333334,PRINCIPAL,AU_GE_50,SI,SI,SI,SI,213.61899999994785,17.940000000409782,93.4079999999999,215.60800000000745,17.739000000059605,93.91999999999996,REVISIÓN PRELIMINAR; NO ES DISEÑO DE LABOR
TR-0289,TJ279_Z940_0,TJ279,218.41263992261383,220.40088757553315,2.0006963786482466,26.76777777777778,0.135,3.6136500000000007,PRINCIPAL,AU_15_50,SI,SI,SI,SI,215.60800000000745,17.739000000059605,93.91999999999996,217.53599999996368,17.218000000342727,94.03899999999999,REVISIÓN PRELIMINAR; NO ES DISEÑO DE LABOR
TR-0290,TJ279_Z940_0,TJ279,220.40088757553315,222.3852592186597,2.00209015785212,24.905555555555555,0.10500000000000001,2.6150833333333336,PRINCIPAL,AU_15_50,SI,SI,SI,SI,217.53599999996368,17.218000000342727,94.03899999999999,219.45100000000093,16.644000000320375,94.14699999999993,REVISIÓN PRELIMINAR; NO ES DISEÑO DE LABOR
TR-0291,TJ279_Z940_1,TJ279,238.30367130482864,244.27188960595305,6.006578060747152,9.885,0.08,0.7908,PRINCIPAL,AU_05_15,SI,SI,SI,NO,235.2380000000121,14.524000000208616,94.23799999999994,241.21799999999348,14.08600000012666,93.88199999999995,REVISIÓN PRELIMINAR; NO ES DISEÑO DE LABOR
TR-0292,TJ279_Z945_0,TJ279,224.3759958856714,226.3762728863136,2.0028794272464965,3.6850000000000005,0.2,0.7370000000000001,PRINCIPAL,AU_01_05,SI,SI,NO,NO,221.3869999999879,16.15500000026077,94.24699999999996,223.35800000000745,15.81400000024587,94.34899999999993,REVISIÓN PRELIMINAR; NO ES DISEÑO DE LABOR
TR-0293,TJ279_Z945_0,TJ279,226.3762728863136,228.3756021020721,2.0018923547126364,2.3342424242424245,0.22,0.5135333333333334,PRINCIPAL,AU_01_05,SI,NO,NO,NO,223.35800000000745,15.81400000024587,94.34899999999993,225.33299999998417,15.502000000327826,94.447,REVISIÓN PRELIMINAR; NO ES DISEÑO DE LABOR
TR-0294,TJ279_Z945_0,TJ279,228.3756021020721,230.3608009730501,1.9983540727847187,6.866969696969697,0.16499999999999998,1.13305,PRINCIPAL,AU_05_15,SI,SI,SI,NO,225.33299999998417,15.502000000327826,94.447,227.32600000000093,15.378999999724329,94.52599999999995,REVISIÓN PRELIMINAR; NO ES DISEÑO DE LABOR
TR-0295,TJ279_Z945_0,TJ279,230.3608009730501,232.34409252985057,1.999187084768935,9.260769230769231,0.195,1.8058500000000002,PRINCIPAL,AU_05_15,SI,SI,SI,NO,227.32600000000093,15.378999999724329,94.52599999999995,229.32099999999627,15.279000000096858,94.44399999999996,REVISIÓN PRELIMINAR; NO ES DISEÑO DE LABOR
TR-0296,TJ279_Z945_0,TJ279,232.34409252985057,234.34175243204092,2.000656642114369,4.065271317829457,0.215,0.8740333333333332,PRINCIPAL,AU_01_05,SI,SI,NO,NO,229.32099999999627,15.279000000096858,94.44399999999996,231.27599999995437,14.860000000335276,94.37299999999993,REVISIÓN PRELIMINAR; NO ES DISEÑO DE LABOR
TR-0297,TJ279_Z945_0,TJ279,234.34175243204092,236.3397730988453,1.999228351327785,9.200289855072464,0.115,1.0580333333333334,PRINCIPAL,AU_05_15,SI,SI,SI,NO,231.27599999995437,14.860000000335276,94.37299999999993,233.24300000001676,14.50899999961257,94.30499999999995,REVISIÓN PRELIMINAR; NO ES DISEÑO DE LABOR
TR-0298,TJ279_Z945_0,TJ279,236.3397730988453,240.29984603936413,3.9867556984557058,14.921428571428569,0.14,2.089,PRINCIPAL,AU_05_15,SI,SI,SI,NO,233.24300000001676,14.50899999961257,94.30499999999995,237.22399999992922,14.294999999925494,94.29699999999991,REVISIÓN PRELIMINAR; NO ES DISEÑO DE LABOR
TR-0299,TJ279_Z945_0,TJ279,240.29984603936413,242.28954583392152,2.0271391170946913,18.534523809523808,0.14,2.5948333333333333,PRINCIPAL,AU_15_50,SI,SI,SI,SI,237.22399999992922,14.294999999925494,94.29699999999991,239.21899999992456,14.156999999657273,94.6289999999999,REVISIÓN PRELIMINAR; NO ES DISEÑO DE LABOR
