Cota,MuestrasOrigen,Labor,Nivel,TramoEspacial,BloqueEspacial,S_Longitudinal_m,T_Transversal_m,PotenciaTotal_m,PotenciaMediana_m,AuMedia_g_t,AuMediana_g_t,AuMax_g_t,AuCompPond_g_t,Au_x_Potencia,Au_log1p,ClaseAu,Indicador_Au_GE_1,Indicador_Au_GE_5,Indicador_Au_GE_15,CompID,EsteRel_m,NorteRel_m,CotaRel_m
960.0,1,SN001,900,PRINCIPAL,0,0.0,-6.164778981802742,0.1,0.1,48.61,48.61,48.61,48.61000000000001,4.861000000000001,3.9041924263129575,AU_15_50,1,1,1,CMP-0001,0.0,52.681099999696016,109.24699999999996
960.0,1,SN060,900,PRINCIPAL,0,1.9870519203889216,-6.3924475015387525,0.16,0.16,1.853333333333333,1.853333333333333,1.853333333333333,1.8533333333333333,0.2965333333333333,1.048487901485541,AU_01_05,1,0,0,CMP-0002,1.9201999999349937,52.121600000187755,109.24699999999996
960.0,1,SN060,900,PRINCIPAL,0,3.974022136934053,-6.620231453607781,0.21,0.21,5.760000000000001,5.760000000000001,5.760000000000001,5.760000000000001,1.2096,1.911022890054873,AU_05_15,1,1,0,CMP-0003,3.8402999999234453,51.561999999918044,109.24699999999996
960.0,1,SN060,900,PRINCIPAL,0,5.959376843260031,-6.862292314375427,0.13,0.13,4.236666666666666,4.236666666666666,4.236666666666666,4.236666666666666,0.5507666666666666,1.65568516359942,AU_01_05,1,0,0,CMP-0004,5.756399999954738,50.988599999807775,109.24699999999996
960.0,1,SN060,900,PRINCIPAL,0,7.945710291365657,-7.091098286382339,0.1,0.1,0.4366666666666667,0.4366666666666667,0.4366666666666667,0.4366666666666667,0.04366666666666667,0.36232561544754677,AU_00_01,0,0,0,CMP-0005,7.675700000021607,50.4281000001356,109.24699999999996
960.0,1,SN060,900,PRINCIPAL,0,9.943708909683863,-7.180541121923,0.03,0.03,0.16,0.16,0.16,0.16,0.0048,0.14842000511827327,AU_00_01,0,0,0,CMP-0006,9.630000000004657,50.00300000049174,109.24699999999996
902.6,1,GA9950,SIN_DATO,PRINCIPAL,0,11.08232851463046,-4.429058720487957,0.05,0.05,0.83,0.83,0.83,0.83,0.0415,0.6043159668533296,AU_00_01,0,0,0,CMP-0007,11.216316417674534,52.52306155394763,51.84699999999998
960.0,1,SN060,900,PRINCIPAL,0,11.936999697075464,-7.310660442376603,0.03,0.03,0.1033333333333333,0.1033333333333333,0.1033333333333333,0.1033333333333333,0.003099999999999999,0.09833590072086182,AU_00_01,0,0,0,CMP-0008,11.572799999965355,49.53859999962151,109.24699999999996
902.6,1,GA9950,SIN_DATO,PRINCIPAL,0,13.07471636432382,-4.603387881542552,0.04,0.04,0.6199999999999999,0.6199999999999999,0.6199999999999999,0.6199999999999999,0.024799999999999996,0.4824261492442926,AU_00_01,0,0,0,CMP-0009,13.15077096002642,52.015237151645124,51.84699999999998
960.0,1,SN060,900,PRINCIPAL,0,13.903595607988478,-7.674935080559383,0.1,0.1,8.863333333333335,8.863333333333335,8.863333333333335,8.863333333333335,0.8863333333333335,2.288824177744009,AU_05_15,1,1,0,CMP-0010,13.449799999943934,48.84790000040084,109.24699999999996
908.7629,1,SN060,900,PRINCIPAL,0,15.120127393028724,-7.996385585302637,0.04,0.04,2.6333333333333333,2.6333333333333333,2.6333333333333333,2.6333333333333333,0.10533333333333333,1.2901505005669882,AU_01_05,1,0,0,CMP-0011,14.594700000016019,48.32589999958873,58.0098999999999
902.6,1,GA9950,SIN_DATO,PRINCIPAL,0,15.06289550525159,-4.457254939413387,0.04,0.04,0.38,0.38,0.38,0.38,0.0152,0.32208349916911333,AU_00_01,0,0,0,CMP-0012,15.135119104990736,51.82399496808648,51.84699999999998
908.7629,1,SN060,900,PRINCIPAL,0,17.112386050754594,-7.832873596686232,0.03,0.03,6.930000000000001,6.930000000000001,6.930000000000001,6.930000000000001,0.2079,2.0706530356467567,AU_05_15,1,1,0,CMP-0013,16.586000000010245,48.15110000036657,58.0098999999999
902.6,1,GA9950,SIN_DATO,PRINCIPAL,0,17.05868237472697,-4.352671432149091,0.04,0.04,23.25,23.25,23.25,23.25,0.93,3.188416617383492,AU_15_50,1,1,1,CMP-0014,17.119959214585833,51.59051546640694,51.84699999999998
902.6,1,GA9950,SIN_DATO,PRINCIPAL,0,19.144757817638123,-3.8759238775914833,0.12,0.12,15.0,15.0,15.0,14.999999999999998,1.7999999999999998,2.772588722239781,AU_05_15,1,1,0,CMP-0015,19.256555730476975,51.70864383969456,51.84699999999998
902.6,1,GA9950,SIN_DATO,PRINCIPAL,0,20.640158757450024,-2.8198465383291347,0.09,0.09,5.2,5.2,5.2,5.2,0.46799999999999997,1.824549292051046,AU_05_15,1,1,0,CMP-0016,20.908634254476056,52.49741495214403,51.84699999999998
902.6,1,GA9950,SIN_DATO,PRINCIPAL,0,21.88117773986582,-1.2805020144067996,0.1,0.1,48.59,48.59,48.59,48.59,4.859000000000001,3.9037892005010426,AU_15_50,1,1,1,CMP-0017,22.391471189330332,53.80543035827577,51.84699999999998
902.6,1,GA9950,SIN_DATO,PRINCIPAL,0,23.649616978905694,-0.3309894783339064,0.21,0.21,72.02,72.02,72.02,72.02,15.124199999999998,4.29073337622749,AU_GE_50,1,1,1,CMP-0018,24.294706722954288,54.443118292838335,51.84699999999998
907.8124,1,SN103,SIN_DATO,PRINCIPAL,0,24.21879296279502,-0.6389335155402152,0.06,0.06,2.5966666666666662,2.5966666666666662,2.5966666666666662,2.5966666666666662,0.15579999999999997,1.2800074906019334,AU_01_05,1,0,0,CMP-0019,24.803799999994226,54.043600000441074,57.05939999999998
902.6,1,GA9950,SIN_DATO,PRINCIPAL,0,25.396415922511224,0.6210838427318199,0.23,0.23,7.22,7.22,7.22,7.22,1.6606,2.1065702090680887,AU_05_15,1,1,0,CMP-0020,26.17704373691231,55.08697970956564,51.84699999999998
907.7959,1,SN103,SIN_DATO,PRINCIPAL,0,26.16969255973251,-0.158963951414868,0.09,0.09,0.25,0.25,0.25,0.25,0.0225,0.22314355131420976,AU_00_01,0,0,0,CMP-0021,26.807700000004843,54.18769999966025,57.04289999999992
902.6,1,GA9950,SIN_DATO,PRINCIPAL,0,27.309216789918903,1.1924096253849947,0.1,0.1,14.31,14.31,14.31,14.31,1.431,2.7285062096695922,AU_05_15,1,1,0,CMP-0022,28.158796768984757,55.32755241822451,51.84699999999998
907.8515,1,SN103,SIN_DATO,PRINCIPAL,0,28.0600588950757,0.0,0.06,0.06,0.8466666666666666,0.8466666666666666,0.8466666666666666,0.8466666666666666,0.05079999999999999,0.6133822120910827,AU_00_01,0,0,0,CMP-0023,28.697799999965355,54.02560000028461,57.098499999999945
902.6,1,GA9950,SIN_DATO,PRINCIPAL,0,29.24778183908478,1.6812498231221569,0.15,0.15,10.39,10.39,10.39,10.39,1.5585,2.432735777459091,AU_05_15,1,1,0,CMP-0024,30.152034800034016,55.48247607797384,51.84699999999998
907.6043,1,SN103,SIN_DATO,PRINCIPAL,0,30.27714773219861,0.1759043440853496,0.11,0.11,0.93,0.93,0.93,0.93,0.1023,0.6575200029167942,AU_00_01,0,0,0,CMP-0025,30.91279999993276,53.82510000001639,56.851299999999924
902.6,1,GA9950,SIN_DATO,PRINCIPAL,0,31.19514963025469,2.137031010948641,0.1,0.1,7.3,7.3,7.3,7.3,0.73,2.1162555148025524,AU_05_15,1,1,0,CMP-0026,32.1483745011501,55.60332972090691,51.84699999999998
907.6043,1,SN103,SIN_DATO,PRINCIPAL,0,32.299707883353975,0.1285056651447904,0.09,0.09,22.953333333333333,22.953333333333333,22.953333333333333,22.953333333333333,2.0658,3.176107493017263,AU_15_50,1,1,1,CMP-0027,32.89839999994729,53.43730000033975,56.851299999999924
902.6,1,GA9950,SIN_DATO,PRINCIPAL,0,33.15814139388871,2.51441482336297,0.1,0.1,1.81,1.81,1.81,1.81,0.18100000000000002,1.0331844833456545,AU_01_05,1,0,0,CMP-0028,34.14689364598598,55.64427399635315,51.84699999999998
907.2641,1,SN103,SIN_DATO,PRINCIPAL,0,34.28587074089856,0.1076491594643037,0.08,0.08,1.0233333333333334,1.0233333333333334,1.0233333333333334,1.0233333333333334,0.08186666666666667,0.7047463164032972,AU_01_05,1,0,0,CMP-0029,34.852599999983795,53.081799999810755,56.51109999999994
902.6,1,GA9950,SIN_DATO,PRINCIPAL,0,34.63939084175436,2.7601814207293263,0.26,0.26,63.39,63.39,63.39,63.39,16.4814,4.164958341550092,AU_GE_50,1,1,1,CMP-0030,35.64837430708576,55.636726047843695,51.84699999999998
911.45840823,1,TJ103,900,PRINCIPAL,0,36.88754287376061,-0.2470450208429784,0.03,0.03,0.56,0.56,0.56,0.56,0.016800000000000002,0.44468582126144574,AU_00_01,0,0,0,CMP-0031,37.35719633998815,52.29344537016004,60.70540822999999
902.6,1,GA9950,SIN_DATO,PRINCIPAL,0,36.59317389182745,2.612513382747203,0.18,0.18,46.16,46.16,46.16,46.160000000000004,8.3088,3.85354607566917,AU_15_50,1,1,1,CMP-0032,37.5492730186088,55.161691159941256,51.84699999999998
906.7484,1,SN103,SIN_DATO,PRINCIPAL,0,37.14226524278576,0.2411574331604475,0.06,0.06,12.63,12.63,12.63,12.63,0.7578,2.612273245708441,AU_05_15,1,1,0,CMP-0033,37.69059999997262,52.73170000035316,55.995399999999904
911.45840823,1,TJ103,900,PRINCIPAL,0,38.86088956291762,-0.5706694338839264,0.04,0.04,2.813333333333333,2.813333333333333,2.813333333333333,2.813333333333333,0.11253333333333332,1.338503697283542,AU_01_05,1,0,0,CMP-0034,39.247705599991605,51.641674970276654,60.70540822999999
902.6,1,GA9950,SIN_DATO,PRINCIPAL,0,38.59795822283705,2.6477997858655167,0.13,0.13,5.03,5.03,5.03,5.03,0.6539,1.7967470107390942,AU_05_15,1,1,0,CMP-0035,39.5312956153648,54.85838970914483,51.84699999999998
911.45840823,1,TJ103,900,PRINCIPAL,0,40.84784246909062,-0.7486526837134833,0.14,0.14,0.63,0.63,0.63,0.63,0.08820000000000001,0.48858001481867097,AU_00_01,0,0,0,CMP-0036,41.17618682002649,51.13116534985602,60.70540822999999
907.543,1,SN103,SIN_DATO,PRINCIPAL,0,40.79797958872288,0.2550481188340456,0.06,0.06,0.1133333333333333,0.1133333333333333,0.1133333333333333,0.1133333333333333,0.006799999999999998,0.10735851832049932,AU_00_01,0,0,0,CMP-0037,41.29629999992903,52.1288999998942,56.789999999999964
902.6,1,GA9950,SIN_DATO,PRINCIPAL,0,40.59044975822739,2.612904539020401,0.15,0.15,1.35,1.35,1.35,1.35,0.2025,0.8544153281560676,AU_01_05,1,0,0,CMP-0038,41.489366191555746,54.48798477463424,51.84699999999998
911.45840823,1,TJ103,900,PRINCIPAL,0,42.8450742271319,-0.7678598722869443,0.4,0.4,3.633333333333333,3.633333333333333,3.633333333333333,3.633333333333333,1.4533333333333331,1.5332765514685363,AU_01_05,1,0,0,CMP-0039,43.14157532993704,50.77542440965772,60.70540822999999
902.6,1,GA9950,SIN_DATO,PRINCIPAL,0,42.5957259167959,2.5981021390399808,0.15,0.15,0.2,0.2,0.2,0.2,0.03,0.18232155679395465,AU_00_01,0,0,0,CMP-0040,43.46342670475133,54.13522894773632,51.84699999999998
902.6,1,GA9950,SIN_DATO,PRINCIPAL,0,44.59683756233542,2.6781045451335173,0.09,0.09,1.67,1.67,1.67,1.67,0.1503,0.9820784724121582,AU_01_05,1,0,0,CMP-0041,45.44937002577353,53.876622434705496,51.84699999999998
907.2159,1,SN103,SIN_DATO,PRINCIPAL,0,47.10801263253661,-0.6810482792818997,0.03,0.03,0.0633333333333333,0.0633333333333333,0.0633333333333333,0.0633333333333333,0.001899999999999999,0.06140862812864348,AU_00_01,0,0,0,CMP-0042,47.35809999995399,50.142099999822676,56.46289999999999
902.6,1,GA9950,SIN_DATO,PRINCIPAL,0,46.59182315046506,2.78363640229816,0.05,0.05,0.85,0.85,0.85,0.85,0.0425,0.6151856390902335,AU_00_01,0,0,0,CMP-0043,47.433580257580616,53.64421282708645,51.84699999999998
911.45840823,1,TJ103,900,PRINCIPAL,0,48.78831746515257,0.0533124707172916,0.1,0.1,0.8466666666666666,0.8466666666666666,0.8466666666666666,0.8466666666666667,0.08466666666666667,0.6133822120910828,AU_00_01,0,0,0,CMP-0044,49.13818064995576,50.582580329850316,60.70540822999999
902.6,1,GA9950,SIN_DATO,PRINCIPAL,0,48.586433297127,2.743586864699034,0.03,0.03,1.01,1.01,1.01,1.01,0.0303,0.6981347220709844,AU_01_05,1,0,0,CMP-0045,49.39286989404354,53.26837014313787,51.84699999999998
911.45840823,1,TJ103,900,PRINCIPAL,0,50.769657970084666,0.3258740337098038,0.09,0.09,2.33,2.33,2.33,2.33,0.2097,1.2029723039923526,AU_01_05,1,0,0,CMP-0046,51.137108749942854,50.51710931956768,60.70540822999999
902.6,1,GA9950,SIN_DATO,PRINCIPAL,0,50.52532979187461,2.3107362563885547,0.18,0.18,7.72,7.72,7.72,7.72,1.3896,2.1656192379208883,AU_05_15,1,1,0,CMP-0047,51.23100268363487,52.51474748272449,51.84699999999998
902.6,1,GA9950,SIN_DATO,PRINCIPAL,0,52.46153292078623,1.864142078602638,0.17,0.17,0.3,0.3,0.3,0.3,0.051000000000000004,0.26236426446749106,AU_00_01,0,0,0,CMP-0048,53.06416299578268,51.74803229048848,51.84699999999998
911.45840823,1,TJ103,900,PRINCIPAL,0,52.75158360910599,0.5735631008908184,0.09,0.09,0.8099999999999999,0.8099999999999999,0.8099999999999999,0.8099999999999999,0.07289999999999999,0.5933268452777344,AU_00_01,0,0,0,CMP-0049,53.13241915998515,50.42702335957438,60.70540822999999
911.45840823,1,TJ103,900,PRINCIPAL,0,54.71928030045281,0.2155551162676379,0.05,0.05,10.266666666666667,10.266666666666667,10.266666666666667,10.266666666666667,0.5133333333333334,2.4218485138208634,AU_05_15,1,1,0,CMP-0050,55.01156096998602,49.74231463018805,60.70540822999999
902.6,1,GA9950,SIN_DATO,PRINCIPAL,0,54.489186978568895,1.7266622355278076,0.04,0.04,0.61,0.61,0.61,0.61,0.0244,0.4762341789963716,AU_00_01,0,0,0,CMP-0051,55.03959285560995,51.27058223634958,51.84699999999998
911.45840823,1,TJ103,900,PRINCIPAL,0,56.68663047198902,-0.1460094427756405,0.04,0.04,1.52,1.52,1.52,1.52,0.0608,0.9242589015233319,AU_01_05,1,0,0,CMP-0052,56.88976145000197,49.054158699698746,60.70540822999999
902.6,1,GA9950,SIN_DATO,PRINCIPAL,0,56.48860707946818,1.5712291049735847,0.1,0.1,13.29,13.29,13.29,13.29,1.329,2.659559991941776,AU_05_15,1,1,0,CMP-0053,56.98416551947594,50.78019733261317,51.84699999999998
911.45840823,1,TJ103,900,PRINCIPAL,0,58.65432716333585,-0.5040174273988212,0.06,0.06,3.1,3.1,3.1,3.1,0.186,1.410986973710262,AU_01_05,1,0,0,CMP-0054,58.768903260002844,48.36944997031242,60.70540822999999
902.6,1,GA9950,SIN_DATO,PRINCIPAL,0,58.45511045234646,1.9381460346053931,0.07,0.07,0.07,0.07,0.07,0.07,0.004900000000000001,0.06765864847381481,AU_00_01,0,0,0,CMP-0055,58.98438086814713,50.81023244187236,51.84699999999998
907.6985,1,SN147,900,PRINCIPAL,0,60.42786384016593,1.16441310933941,0.1,0.1,2.063333333333333,2.063333333333333,2.063333333333333,2.063333333333333,0.2063333333333333,1.119503647699486,AU_01_05,1,0,0,CMP-0056,60.79839999997057,49.71490000002086,56.945499999999925
902.6,1,GA9950,SIN_DATO,PRINCIPAL,0,60.43830586289442,1.9466681892142468,0.12,0.12,19.34,19.34,19.34,19.34,2.3207999999999998,3.012589390620414,AU_15_50,1,1,1,CMP-0057,60.94061027432326,50.48419076669961,51.84699999999998
914.57461429,1,TJ147,900,PRINCIPAL,0,60.981460206215445,-0.8084468276842925,0.03,0.03,4.180000000000001,4.180000000000001,4.180000000000001,4.180000000000001,0.1254,1.6448050562713918,AU_01_05,1,0,0,CMP-0058,61.01136897993274,47.676937909796834,63.82161428999996
907.6985,1,SN147,900,PRINCIPAL,0,62.41645558873515,1.377821327269432,0.13,0.13,67.05,67.05,67.05,67.05,8.7165,4.220242729097475,AU_GE_50,1,1,1,CMP-0059,62.79449999995995,49.58990000002086,56.945499999999925
914.57461429,1,TJ147,900,PRINCIPAL,0,62.96405558455206,-1.0717253525013093,0.03,0.03,1.6933333333333331,1.6933333333333331,1.6933333333333331,1.6933333333333331,0.05079999999999999,0.9907795838648943,AU_01_05,1,0,0,CMP-0060,62.92117106996011,47.083089450374246,63.82161428999996
902.6,1,GA9950,SIN_DATO,PRINCIPAL,0,62.444501650437445,1.966761768359876,0.1,0.1,0.25,0.25,0.25,0.25,0.025,0.22314355131420976,AU_00_01,0,0,0,CMP-0061,62.921462027938105,50.165676057338715,51.84699999999998
914.57461429,1,TJ147,900,PRINCIPAL,1,64.96001998245379,-1.0436154649050795,0.23,0.23,3.23,3.23,3.23,3.23,0.7429,1.4422019930581866,AU_01_05,1,0,0,CMP-0062,64.89328981994186,46.774201639927924,63.82161428999996
902.6,1,GA9950,SIN_DATO,PRINCIPAL,1,64.45204127794473,2.0575108726617555,0.12,0.12,0.38,0.38,0.38,0.38,0.0456,0.32208349916911333,AU_00_01,0,0,0,CMP-0063,64.9155535697937,49.91657832823694,51.84699999999998
907.6985,1,SN147,900,PRINCIPAL,1,64.58272421103688,1.566133159546764,0.08,0.08,47.906666666666666,47.906666666666666,47.906666666666666,47.906666666666666,3.8325333333333336,3.889913719840045,AU_15_50,1,1,1,CMP-0064,64.96149999997579,49.410199999809265,56.945499999999925
902.6,1,GA9950,SIN_DATO,PRINCIPAL,1,66.41209235537379,2.3112930250456603,0.16,0.16,0.68,0.68,0.68,0.68,0.10880000000000001,0.5187937934151676,AU_00_01,0,0,0,CMP-0065,66.89033022860531,49.83618706744164,51.84699999999998
914.57461429,1,TJ147,900,PRINCIPAL,1,66.98002324352322,-0.9621127572482434,0.05,0.05,39.59,39.59,39.59,39.59,1.9795000000000003,3.7035217308508064,AU_15_50,1,1,1,CMP-0066,66.89810719992965,46.51388810016215,63.82161428999996
906.7722,1,SN147,900,PRINCIPAL,1,66.57489673314176,1.7076151096429817,0.22,0.22,0.3433333333333334,0.3433333333333334,0.3433333333333334,0.3433333333333334,0.07553333333333334,0.295154087290482,AU_00_01,0,0,0,CMP-0067,66.94900000002235,49.213700000196695,56.019199999999955
914.57461429,1,TJ147,900,PRINCIPAL,1,68.95676805752223,-0.8823554278811406,0.04,0.04,12.02,12.02,12.02,12.02,0.4808,2.5664866367804233,AU_05_15,1,1,0,CMP-0068,68.85999133996665,46.25914919003844,63.82161428999996
902.6,1,GA9950,SIN_DATO,PRINCIPAL,1,68.4126735684076,2.3325774994172277,0.27,0.27,21.5,21.5,21.5,21.5,5.805000000000001,3.1135153092103742,AU_15_50,1,1,1,CMP-0069,68.86584864917677,49.519793027080595,51.84699999999998
906.7722,1,SN147,900,PRINCIPAL,1,68.91246135408247,2.2805220679886444,0.15,0.15,8.830000000000002,8.830000000000002,8.830000000000002,8.830000000000002,1.3245000000000002,2.2854389341590755,AU_05_15,1,1,0,CMP-0070,69.34970000002068,49.384200000204146,56.019199999999955
902.6,1,GA9950,SIN_DATO,PRINCIPAL,1,70.37663522828882,2.296644474004696,0.08,0.08,6.44,6.44,6.44,6.4399999999999995,0.5152,2.006870848845,AU_05_15,1,1,0,CMP-0071,70.7956229436677,49.1531763933599,51.84699999999998
914.57461429,1,TJ147,900,PRINCIPAL,1,70.95535372489108,-0.8114124934552073,0.03,0.03,0.39,0.39,0.39,0.39,0.0117,0.3293037471426004,AU_00_01,0,0,0,CMP-0072,70.84191709000152,45.99203892983496,63.82161428999996
906.7722,1,SN147,900,PRINCIPAL,1,71.16175312631435,2.20475259383158,0.25,0.25,13.116666666666667,13.116666666666667,13.116666666666667,13.116666666666667,3.279166666666667,2.647356132429954,AU_05_15,1,1,0,CMP-0073,71.55400000000373,48.93020000029355,56.019199999999955
902.6,1,GA9950,SIN_DATO,PRINCIPAL,1,72.35310680154933,2.644488607991427,0.09,0.09,41.29,41.29,41.29,41.29,3.7161,3.7445506514843974,AU_15_50,1,1,1,CMP-0074,72.80244733404834,49.16273084934801,51.84699999999998
914.57461429,1,TJ147,900,PRINCIPAL,1,74.95203710327527,-0.7324606177326611,0.06,0.06,0.1333333333333333,0.1333333333333333,0.1333333333333333,0.1333333333333333,0.007999999999999998,0.125163142954006,AU_00_01,0,0,0,CMP-0075,74.79467456997372,45.39586803968996,63.82161428999996
906.378,1,SN147,900,PRINCIPAL,1,74.45395870042658,2.3378492053709987,0.42,0.42,7.22,7.22,7.22,7.220000000000001,3.0324,2.1065702090680887,AU_05_15,1,1,0,CMP-0076,74.82149999996182,48.50619999971241,55.625
906.378,2,SN147,900,PRINCIPAL,1,76.4238493431723,1.9222957721879024,0.37,0.185,37.82333333333334,37.82333333333334,72.64333333333335,44.41090090090091,8.216016666666668,3.8157521841753614,AU_15_50,1,1,1,CMP-0077,76.69310000003316,47.76439999975264,55.625
914.57461429,1,TJ147,900,PRINCIPAL,1,76.94261183505638,-0.5385218333360378,0.04,0.04,1.6233333333333335,1.6233333333333335,1.6233333333333335,1.6233333333333335,0.06493333333333334,0.9644457737612022,AU_01_05,1,0,0,CMP-0078,76.78944586997386,45.251343039795756,63.82161428999996
914.57461429,1,TJ147,900,PRINCIPAL,1,78.93318656510986,-0.3445830388415858,0.07,0.07,14.686666666666666,14.686666666666666,14.686666666666666,14.686666666666666,1.0280666666666667,2.752811094631107,AU_05_15,1,1,0,CMP-0079,78.784217169974,45.1068180501461,63.82161428999996
906.378,1,SN147,900,PRINCIPAL,1,78.62194703601382,2.056804628620505,0.15,0.15,83.23,83.23,83.23,83.23,12.4845,4.433551152327272,AU_GE_50,1,1,1,CMP-0080,78.88240000000224,47.52630000002682,55.625
902.5,1,GA9950,SIN_DATO,PRINCIPAL,1,80.14390849031413,2.789356457304496,0.25,0.25,26.723333333333333,26.723333333333333,26.723333333333333,26.723333333333333,6.680833333333333,3.3222744172124865,AU_15_50,1,1,1,CMP-0081,80.5060999999987,47.99170000012964,51.74699999999996
915.78897693,1,TJ147,900,PRINCIPAL,1,81.45506626805667,-0.273823285716986,0.2,0.2,4.906666666666666,4.906666666666666,4.906666666666666,4.906666666666666,0.9813333333333333,1.776081656508825,AU_01_05,1,0,0,CMP-0082,81.28191149001941,44.75128006003797,65.03597692999995
906.056,1,SN147,900,PRINCIPAL,1,81.75343126165266,2.16392551834623,0.06,0.06,4.55,4.55,4.55,4.55,0.27299999999999996,1.713797927758343,AU_01_05,1,0,0,CMP-0083,81.98710000002757,47.103799999691546,55.303
902.6,1,GA9950,SIN_DATO,PRINCIPAL,1,82.15706221909818,2.7311162275037493,0.15,0.15,3.433333333333333,3.433333333333333,3.433333333333333,3.4333333333333327,0.5149999999999999,1.4891517465595983,AU_01_05,1,0,0,CMP-0084,82.48060000000987,47.594800000078976,51.84699999999998
915.78897693,1,TJ147,900,PRINCIPAL,1,83.45724286407477,-0.3212980836210347,0.1,0.1,0.5233333333333333,0.5233333333333333,0.5233333333333333,0.5233333333333333,0.052333333333333336,0.42090091623800363,AU_00_01,0,0,0,CMP-0085,83.24740702996496,44.366842470131814,65.03597692999995
905.9694,1,SN147,900,PRINCIPAL,1,83.75024916869488,2.276476509684745,0.04,0.04,0.44,0.44,0.44,0.44,0.0176,0.36464311358790924,AU_00_01,0,0,0,CMP-0086,83.97430000000168,46.87800000049174,55.21639999999991
902.6,1,GA9950,SIN_DATO,PRINCIPAL,1,84.18971538017091,2.4545373105063755,0.14,0.14,9.046666666666663,9.046666666666663,9.046666666666663,9.046666666666663,1.266533333333333,2.3072409045302393,AU_05_15,1,1,0,CMP-0087,84.4375,46.97939999960363,51.84699999999998
915.78897693,1,TJ147,900,PRINCIPAL,1,85.41990843800228,-0.6363849632546497,0.12,0.12,28.54,28.54,28.54,28.54,3.4248,3.3857452771032337,AU_15_50,1,1,1,CMP-0088,85.12882789992727,43.725288569927216,65.03597692999995
906.306,1,SN147,900,PRINCIPAL,1,85.62039364698131,1.6018922807645604,0.08,0.08,8.51,8.51,8.51,8.51,0.6808,2.252343876557299,AU_05_15,1,1,0,CMP-0089,85.70389999996405,45.897699999623,55.553
902.6,1,GA9950,SIN_DATO,PRINCIPAL,1,86.28760583660726,1.4467881093422132,0.03,0.03,0.7866666666666666,0.7866666666666666,0.7866666666666666,0.7866666666666666,0.0236,0.5803516864146009,AU_00_01,0,0,0,CMP-0090,86.33539999998175,45.63229999970645,51.84699999999998
915.78897693,1,TJ147,900,PRINCIPAL,1,87.35735228070646,-1.1326826168499382,0.16,0.16,6.36,6.36,6.36,6.36,1.0176,1.9960599327407849,AU_05_15,1,1,0,CMP-0091,86.95482927002013,42.90937251970172,65.03597692999995
906.2034,1,SN147,900,PRINCIPAL,1,87.47449696866624,0.8651121420638948,0.08,0.08,3.3766666666666665,3.3766666666666665,3.3766666666666665,3.3766666666666665,0.27013333333333334,1.476287399646595,AU_01_05,1,0,0,CMP-0092,87.40720000001602,44.85879999957979,55.450399999999945
902.6,1,GA9950,SIN_DATO,PRINCIPAL,1,88.28069055383975,1.613180657114373,0.04,0.04,17.916666666666668,17.916666666666668,17.916666666666668,17.916666666666668,0.7166666666666667,2.9400433676934026,AU_15_50,1,1,1,CMP-0093,88.32799999997951,45.460199999623,51.84699999999998
928.09,1,SN195,900,PRINCIPAL,1,90.17704341073656,-9.085447380143783,0.1,0.1,0.8933333333333333,0.8933333333333333,0.8933333333333333,0.8933333333333333,0.08933333333333333,0.6383389440649503,AU_00_01,0,0,0,CMP-0094,88.39299999992363,34.59499999973923,77.33699999999999
915.78897693,1,TJ147,900,PRINCIPAL,1,89.29806549537787,-1.5832392204905892,0.14,0.14,10.65,10.65,10.65,10.65,1.491,2.4553061800117097,AU_05_15,1,1,0,CMP-0095,88.79176685994025,42.1379910800606,65.03597692999995
906.3749,1,SN147,900,PRINCIPAL,1,89.44526359393299,0.6970509972226997,0.2,0.2,34.266666666666666,34.266666666666666,34.266666666666666,34.266666666666666,6.8533333333333335,3.5629382307560893,AU_15_50,1,1,1,CMP-0096,89.32140000001527,44.36079999990761,55.62189999999998
902.6,1,GA9950,SIN_DATO,PRINCIPAL,1,90.26689613216531,1.857732513354708,0.08,0.08,38.31,38.31,38.31,38.31,3.0648000000000004,3.671478939433769,AU_15_50,1,1,1,CMP-0097,90.32699999993201,45.36629999987781,51.84699999999998
928.09,1,SN195,900,PRINCIPAL,1,92.14839957472792,-8.748171714414338,0.16,0.16,111.97333333333331,111.97333333333331,111.97333333333331,111.97333333333333,17.915733333333332,4.727151802662154,AU_GE_50,1,1,1,CMP-0098,90.39299999992363,34.59499999973923,77.33699999999999
915.78897693,1,TJ147,900,PRINCIPAL,1,91.28639987954418,-1.367539414195257,0.1,0.1,7.41,7.41,7.41,7.410000000000001,0.7410000000000001,2.129421473984857,AU_05_15,1,1,0,CMP-0099,90.78799962997437,42.015293249860406,65.03597692999995
906.6181,1,SN147,SIN_DATO,PRINCIPAL,1,91.41661975792437,1.0343266629521428,0.1,0.1,0.44,0.44,0.44,0.44,0.044000000000000004,0.36464311358790924,AU_00_01,0,0,0,CMP-0100,91.32140000001527,44.36079999990761,55.865099999999984
928.09,1,SN195,900,PRINCIPAL,1,94.08837735743762,-8.26307048476114,0.25,0.25,15.57,15.57,15.57,15.57,3.8925,2.8075938314384716,AU_15_50,1,1,1,CMP-0101,92.38699999998789,34.74600000027567,77.33699999999999
915.78897693,1,TJ147,900,PRINCIPAL,1,93.27473425384218,-1.1518396095882772,0.14,0.14,14.323333333333334,14.323333333333334,14.323333333333334,14.323333333333334,2.005266666666667,2.729376721150027,AU_05_15,1,1,0,CMP-0102,92.78423238999676,41.89259541966021,65.03597692999995
906.5342,1,SN147,SIN_DATO,PRINCIPAL,1,93.4021771999982,1.269028142151312,0.24,0.24,0.24,0.24,0.24,0.24,0.0576,0.2151113796169455,AU_00_01,0,0,0,CMP-0103,93.31810000003316,44.25729999970645,55.78120000000001
902.6,1,GA9950,SIN_DATO,PRINCIPAL,1,93.39526696212258,1.985422962378105,0.31,0.31,1.82,1.82,1.82,1.82,0.5642,1.0367368849500223,AU_01_05,1,0,0,CMP-0104,93.43209999997634,44.96459999959916,51.84699999999998
928.09,1,SN195,900,PRINCIPAL,1,96.07535279782088,-8.04080802824931,0.13,0.13,3.63,3.63,3.63,3.63,0.4719,1.5325568680981427,AU_01_05,1,0,0,CMP-0105,94.38300000003073,34.62999999988824,77.33699999999999
906.405,1,SN147,SIN_DATO,PRINCIPAL,1,95.39104138392744,1.480251004518789,0.2,0.2,6.233333333333333,6.233333333333333,6.233333333333333,6.233333333333333,1.2466666666666668,1.9786999718783043,AU_05_15,1,1,0,CMP-0106,95.31409999995958,44.13009999971837,55.65199999999993
902.6,1,GA9950,SIN_DATO,PRINCIPAL,1,95.41224681679148,2.111771629488508,0.3,0.3,1.93,1.93,1.93,1.93,0.579,1.0750024230289759,AU_01_05,1,0,0,CMP-0107,95.44149999995716,44.74899999983609,51.84699999999998
928.09,1,SN195,900,PRINCIPAL,1,98.06334006493832,-7.8244596393825105,0.11,0.11,36.17333333333333,36.17333333333333,36.17333333333333,36.17333333333333,3.9790666666666668,3.615591658344104,AU_15_50,1,1,1,CMP-0108,96.37899999995716,34.50800000037998,77.33699999999999
906.425,1,SN147,SIN_DATO,PRINCIPAL,1,97.3421393360257,1.88730979781405,0.1,0.1,13.913333333333332,13.913333333333332,13.913333333333332,13.913333333333332,1.3913333333333333,2.7022556673938736,AU_05_15,1,1,0,CMP-0109,97.30589999991935,44.20230000000447,55.67199999999991
902.6,1,GA9950,SIN_DATO,PRINCIPAL,1,97.3599285189406,2.032387517945961,0.15,0.15,13.736666666666668,13.736666666666668,13.736666666666668,13.736666666666668,2.0605,2.6903387191700423,AU_05_15,1,1,0,CMP-0110,97.34789999993518,44.342299999669194,51.84699999999998
928.09,1,SN195,900,PRINCIPAL,1,100.0327771706559,-7.499686662064064,0.17,0.17,14.75,14.75,14.75,14.75,2.5075000000000003,2.7568403652716422,AU_05_15,1,1,0,CMP-0111,98.375,34.49600000027567,77.33699999999999
906.5798,1,SN147,SIN_DATO,PRINCIPAL,1,99.28907807200054,2.32875973698432,0.13,0.13,2.786666666666666,2.786666666666666,2.786666666666666,2.786666666666666,0.3622666666666666,1.3314861246248955,AU_01_05,1,0,0,CMP-0112,99.29940000001807,44.309100000187755,55.826799999999935
902.6,1,GA9950,SIN_DATO,PRINCIPAL,1,99.35322036427742,2.322689618071222,0.2,0.2,1.9766666666666663,1.9766666666666663,1.9766666666666663,1.9766666666666666,0.3953333333333333,1.090804106220298,AU_01_05,1,0,0,CMP-0113,99.36159999994561,44.29229999985546,51.84699999999998
928.09,1,SN195,900,PRINCIPAL,1,101.96724220282262,-6.994223469567755,0.06,0.06,1.45,1.45,1.45,1.45,0.087,0.8960880245566356,AU_01_05,1,0,0,CMP-0114,100.36699999996927,34.66799999959767,77.33699999999999
915.80758535,1,TJ180,900,PRINCIPAL,1,101.03892871663982,0.3620367212679267,0.1,0.1,5.08,5.08,5.08,5.08,0.508,1.8050046959780757,AU_05_15,1,1,0,CMP-0115,100.69252551998943,42.07545320969075,65.05458534999991
906.683,1,SN147,SIN_DATO,PRINCIPAL,1,101.26529623539606,2.636431332428684,0.18,0.18,2.4433333333333334,2.4433333333333334,2.4433333333333334,2.4433333333333334,0.43979999999999997,1.2364399944634374,AU_01_05,1,0,0,CMP-0116,101.29920000000857,44.279099999926984,55.92999999999995
902.6,1,GA9950,SIN_DATO,PRINCIPAL,1,101.31581717809875,2.68981564093249,0.13,0.13,1.68,1.68,1.68,1.68,0.2184,0.9858167945227653,AU_01_05,1,0,0,CMP-0117,101.35800000000745,44.323200000450015,51.84699999999998
928.089,1,SN195,900,PRINCIPAL,1,103.8883992505179,-6.452484973233279,0.19,0.19,4.336666666666667,4.336666666666667,4.336666666666667,4.336666666666667,0.8239666666666667,1.6746012383405138,AU_01_05,1,0,0,CMP-0118,102.3519999999553,34.87800000049174,77.33600000000001
915.80758535,1,TJ180,900,PRINCIPAL,1,103.00503845699612,0.7286598035274052,0.25,0.25,17.79666666666667,17.79666666666667,17.79666666666667,17.79666666666667,4.449166666666668,2.9336795491509813,AU_15_50,1,1,1,CMP-0119,102.6923033199273,42.105265060439706,65.05458534999991
902.6,1,GA9950,SIN_DATO,PRINCIPAL,1,103.22006197947984,3.2687345870771805,0.12,0.12,0.5966666666666666,0.5966666666666666,0.5966666666666666,0.5966666666666666,0.07159999999999998,0.4679181227547141,AU_00_01,0,0,0,CMP-0120,103.33259999996517,44.57270000036806,51.84699999999998
928.05,1,SN195,900,PRINCIPAL,2,105.86452957168729,-6.154973706482499,0.58,0.58,0.55,0.55,0.55,0.55,0.319,0.4382549309311553,AU_00_01,0,0,0,CMP-0121,104.34999999997672,34.838000000454485,77.29699999999991
915.80758535,1,TJ180,900,PRINCIPAL,1,104.96909876133634,1.1088260764250917,0.26,0.26,0.1133333333333333,0.1133333333333333,0.1133333333333333,0.1133333333333333,0.02946666666666666,0.10735851832049932,AU_00_01,0,0,0,CMP-0122,104.69234493002295,42.148771749809384,65.05458534999991
902.6,1,GA9950,SIN_DATO,PRINCIPAL,2,105.20767179408794,3.561412507204136,0.27,0.27,0.7666666666666667,0.7666666666666667,0.7666666666666667,0.7666666666666667,0.20700000000000002,0.5690945318899665,AU_00_01,0,0,0,CMP-0123,105.34109999996144,44.52599999960512,51.84699999999998
927.98,1,SN195,900,PRINCIPAL,2,107.86372804298747,-6.099032017116439,0.1,0.1,3.2033333333333336,3.2033333333333336,3.2033333333333336,3.2033333333333336,0.32033333333333336,1.4358778613087186,AU_01_05,1,0,0,CMP-0124,106.32999999995809,34.55599999986589,77.22699999999998
915.80758535,1,TJ180,900,PRINCIPAL,2,106.93553577179928,0.9300430572357988,0.09,0.09,0.17,0.17,0.17,0.17,0.015300000000000001,0.15700374880966475,AU_00_01,0,0,0,CMP-0125,106.60046920995228,41.640933570452034,65.05458534999991
902.6,1,GA9950,SIN_DATO,PRINCIPAL,2,107.00912139475436,3.3897464777783264,0.9,0.9,2.066666666666667,2.066666666666667,2.066666666666667,2.066666666666667,1.8600000000000003,1.120591195386885,AU_01_05,1,0,0,CMP-0126,107.08779999997932,44.053000000305474,51.84699999999998
927.91,1,SN195,900,PRINCIPAL,2,109.86292651413063,-6.043090326832395,0.18,0.18,0.2733333333333334,0.2733333333333334,0.2733333333333334,0.2733333333333334,0.04920000000000001,0.24163813395037415,AU_00_01,0,0,0,CMP-0127,108.30999999993946,34.274000000208616,77.15699999999993
902.6,1,GA9950,SIN_DATO,PRINCIPAL,2,108.91900653086996,3.2952723163308,0.4,0.4,0.2666666666666666,0.2666666666666666,0.2666666666666666,0.2666666666666666,0.10666666666666665,0.23638877806423034,AU_00_01,0,0,0,CMP-0128,108.95439999992959,43.637799999676645,51.84699999999998
927.84,1,SN195,900,PRINCIPAL,2,111.86195634757031,-5.986162959222774,0.34,0.34,1.1966666666666663,1.1966666666666663,1.1966666666666663,1.1966666666666663,0.4068666666666666,0.786941059846306,AU_01_05,1,0,0,CMP-0129,110.28999999992084,33.99299999978393,77.08699999999999
902.6,1,GA9950,SIN_DATO,PRINCIPAL,2,110.93052327256667,3.506921360883091,0.09,0.09,0.33,0.33,0.33,0.33,0.0297,0.2851789422336624,AU_00_01,0,0,0,CMP-0130,110.97279999998864,43.50719999987632,51.84699999999998
927.771,1,SN195,900,PRINCIPAL,2,113.86166339250865,-6.0102821291418405,0.04,0.04,1.3233333333333333,1.3233333333333333,1.3233333333333333,1.3233333333333333,0.05293333333333333,0.8430029361043228,AU_01_05,1,0,0,CMP-0131,112.25699999998324,33.63200000021607,77.01799999999992
902.6,1,GA9950,SIN_DATO,PRINCIPAL,2,112.93002560324712,3.476882892293113,0.13,0.13,0.05,0.05,0.05,0.05,0.006500000000000001,0.04879016416943201,AU_00_01,0,0,0,CMP-0132,112.93859999999404,43.14039999991655,51.84699999999998
927.702,1,SN195,SIN_DATO,PRINCIPAL,2,115.8609168217768,-6.043609678016718,0.11,0.11,3.09,3.09,3.09,3.09,0.3399,1.4085449700547104,AU_01_05,1,0,0,CMP-0133,114.22199999995064,33.26200000010431,76.94899999999996
917.89,1,CH-180,900,PRINCIPAL,2,115.3257352648549,-0.8127842128308408,0.06,0.06,0.14,0.14,0.14,0.14,0.008400000000000001,0.1310282624064041,AU_00_01,0,0,0,CMP-0134,114.57659833994694,38.50816186983138,67.13699999999994
915.95,1,CH-180,900,PRINCIPAL,2,115.35996795768784,-0.1405187246758302,0.04,0.04,0.2733333333333334,0.2733333333333334,0.2733333333333334,0.2733333333333334,0.010933333333333335,0.24163813395037415,AU_00_01,0,0,0,CMP-0135,114.72371014999226,39.16502629965544,65.197
902.6,1,GA9950,SIN_DATO,PRINCIPAL,2,114.876284278311,3.292555820292525,0.22,0.22,0.05,0.05,0.05,0.05,0.011000000000000001,0.04879016416943201,AU_00_01,0,0,0,CMP-0136,114.82589999993797,42.6304999999702,51.84699999999998
914.06,1,CH-180,900,PRINCIPAL,2,115.43338419305532,0.332148674711592,0.12,0.12,0.8533333333333334,0.8533333333333334,0.8533333333333334,0.8533333333333334,0.1024,0.6169858195943814,AU_00_01,0,0,0,CMP-0137,114.87578452995513,39.61854344047606,63.3069999999999
912.12,1,CH-180,900,PRINCIPAL,2,115.4688230149824,0.7799135014565202,0.17,0.17,0.19,0.19,0.19,0.19,0.0323,0.173953307123438,AU_00_01,0,0,0,CMP-0138,114.9862258899957,40.05391908995807,61.36699999999996
910.21,1,CH-180,900,PRINCIPAL,2,115.48044990924848,1.560918231316172,0.1,0.1,0.1033333333333333,0.1033333333333333,0.1033333333333333,0.1033333333333333,0.010333333333333332,0.09833590072086182,AU_00_01,0,0,0,CMP-0139,115.1293932099361,40.82177759986371,59.456999999999994
902.51,1,CH-180,900,PRINCIPAL,2,115.29779043213463,3.7839499006131354,0.13,0.13,0.11,0.11,0.11,0.11,0.0143,0.10436001532424277,AU_00_01,0,0,0,CMP-0140,115.32423700997606,43.04377449024469,51.75699999999995
927.634,1,SN195,SIN_DATO,PRINCIPAL,2,117.838021076707,-5.781440333447774,0.15,0.15,3.723333333333333,3.723333333333333,3.723333333333333,3.7233333333333336,0.5585,1.5525147650344795,AU_01_05,1,0,0,CMP-0141,116.2149999999674,33.186999999918044,76.88099999999997
902.6,1,GA9950,SIN_DATO,PRINCIPAL,2,116.77261740781252,2.939289884274198,0.07,0.07,0.05,0.05,0.05,0.05,0.0035000000000000005,0.04879016416943201,AU_00_01,0,0,0,CMP-0142,116.63549999997485,41.96250000037253,51.84699999999998
902.6,1,GA9950,SIN_DATO,PRINCIPAL,2,118.1376718149867,1.5042369913150888,0.3,0.3,0.05,0.05,0.05,0.05,0.015,0.04879016416943201,AU_00_01,0,0,0,CMP-0143,117.73899999994319,40.317800000309944,51.84699999999998
927.501,1,SN195,SIN_DATO,PRINCIPAL,2,119.80937724069835,-5.444164667718331,0.14,0.14,132.64,132.64,132.64,132.64,18.5696,4.895149617488555,AU_GE_50,1,1,1,CMP-0144,118.2149999999674,33.186999999918044,76.74799999999993
927.322,1,SN195,SIN_DATO,PRINCIPAL,2,121.78073340468974,-5.106889001988886,0.13,0.13,3.303333333333333,3.303333333333333,3.303333333333333,3.303333333333333,0.4294333333333333,1.4593899161904413,AU_01_05,1,0,0,CMP-0145,120.2149999999674,33.186999999918044,76.56899999999996
902.55,1,GA9950,SIN_DATO,PRINCIPAL,2,123.27037917374402,-2.471129232048507,0.06,0.06,0.15,0.15,0.15,0.15,0.009,0.13976194237515868,AU_00_01,0,0,0,CMP-0146,122.12780000001658,35.533800000324845,51.79699999999991
926.958,1,SN195,950,PRINCIPAL,2,123.7520895686811,-4.769613336259441,0.15,0.15,0.7966666666666667,0.7966666666666667,0.7966666666666667,0.7966666666666667,0.11950000000000001,0.5859330962527961,AU_00_01,0,0,0,CMP-0147,122.2149999999674,33.186999999918044,76.20499999999993
926.958,1,SN195,950,PRINCIPAL,2,125.7271557649754,-4.4540225882164,0.32,0.32,0.3266666666666666,0.3266666666666666,0.3266666666666666,0.3266666666666666,0.10453333333333331,0.2826695306282366,AU_00_01,0,0,0,CMP-0148,124.2149999999674,33.16500000003725,76.20499999999993
926.958,1,SN195,950,PRINCIPAL,2,127.69533395896548,-4.104101744997507,0.25,0.25,0.14,0.14,0.14,0.14,0.035,0.1310282624064041,AU_00_01,0,0,0,CMP-0149,126.2139999999199,33.178000000305474,76.20499999999993
926.86,1,SN195,950,PRINCIPAL,2,129.5842838410146,-3.4512025617447737,0.34,0.34,7.273333333333334,7.273333333333334,7.273333333333334,7.273333333333333,2.4729333333333336,2.1130374911083516,AU_05_15,1,1,0,CMP-0150,128.18599999998696,33.50300000049174,76.10699999999997
926.86,1,SIN_DATO,950,PRINCIPAL,2,131.482715334969,-2.8240734982507703,0.11,0.11,0.1933333333333333,0.1933333333333333,0.1933333333333333,0.1933333333333333,0.021266666666666663,0.1767505117444992,AU_00_01,0,0,0,CMP-0151,130.16299999994226,33.80099999997765,76.10699999999997
850.753,1,GA220,850,PRINCIPAL,2,131.64146211338905,13.872220163185114,0.06,0.06,0.34,0.34,0.34,0.34,0.0204,0.29266961396282004,AU_00_01,0,0,0,CMP-0152,133.13509999995586,50.231399999931455,0.0
850.753,1,GA220,850,PRINCIPAL,2,133.595271954441,13.453408230407684,0.03,0.03,0.4566666666666667,0.4566666666666667,0.4566666666666667,0.4566666666666667,0.0137,0.37615072043938913,AU_00_01,0,0,0,CMP-0153,134.99029999994673,49.48909999988973,0.0
850.753,1,GA220,850,PRINCIPAL,2,135.57220607205136,13.158571488235696,0.03,0.03,0.16,0.16,0.16,0.16,0.0048,0.14842000511827327,AU_00_01,0,0,0,CMP-0154,136.88919999997597,48.865100000053644,0.0
850.753,1,GA220,850,PRINCIPAL,2,137.56424295681717,12.9835983204061,0.03,0.03,0.08,0.08,0.08,0.08,0.0024,0.07696104113612832,AU_00_01,0,0,0,CMP-0155,138.82319999998435,48.35670000035316,0.0
926.567,1,TJ229,950,PRINCIPAL,2,140.73489701144024,-2.300304250603569,0.04,0.04,0.6366666666666666,0.6366666666666666,0.6366666666666666,0.6366666666666666,0.025466666666666665,0.4926616531383195,AU_00_01,0,0,0,CMP-0156,139.37099999992643,32.75700000021607,75.81399999999996
850.753,1,GA220,850,PRINCIPAL,2,139.55012017443804,12.746192239999818,0.03,0.03,0.1766666666666666,0.1766666666666666,0.1766666666666666,0.1766666666666666,0.005299999999999998,0.16268558227709565,AU_00_01,0,0,0,CMP-0157,140.74060000001919,47.787800000049174,0.0
926.567,1,TJ229,950,PRINCIPAL,2,142.72925462318418,-2.150839483103,0.06,0.06,0.6133333333333333,0.6133333333333333,0.6133333333333333,0.6133333333333332,0.03679999999999999,0.47830243206043055,AU_00_01,0,0,0,CMP-0158,141.3619999999646,32.5679999999702,75.81399999999996
850.753,1,GA220,850,PRINCIPAL,2,141.54630523858714,12.631177328902575,0.03,0.03,0.12,0.12,0.12,0.12,0.0036,0.11332868530700317,AU_00_01,0,0,0,CMP-0159,142.68880000000354,47.33779999986291,0.0
926.567,1,TJ229,950,PRINCIPAL,2,144.72499014663117,-2.09244667250925,0.04,0.04,3.1166666666666667,3.1166666666666667,3.1166666666666667,3.1166666666666667,0.12466666666666668,1.4150437744058766,AU_01_05,1,0,0,CMP-0160,143.3389999999199,32.28899999987334,75.81399999999996
902.55,1,GA9950,SIN_DATO,PRINCIPAL,2,145.31616178888308,1.3676017621573262,0.12,0.12,0.5966666666666666,0.5966666666666666,0.5966666666666666,0.5966666666666666,0.07159999999999998,0.4679181227547141,AU_00_01,0,0,0,CMP-0161,144.50520000001416,35.59979999996722,51.79699999999991
850.753,1,GA220,850,PRINCIPAL,2,143.54408868300237,12.538248277795498,0.03,0.03,0.11,0.11,0.11,0.11,0.0033,0.10436001532424277,AU_00_01,0,0,0,CMP-0162,144.6422999999486,46.9093000004068,0.0
926.567,1,TJ229,950,PRINCIPAL,2,146.72043426844257,-2.233966130062805,0.03,0.03,0.32,0.32,0.32,0.32,0.0096,0.2776317365982795,AU_00_01,0,0,0,CMP-0163,145.28200000000652,31.813000000081956,75.81399999999996
902.55,1,GA9950,SIN_DATO,PRINCIPAL,2,147.2051617422394,1.133100106769198,0.06,0.06,0.1666666666666666,0.1666666666666666,0.1666666666666666,0.1666666666666666,0.009999999999999995,0.15415067982725825,AU_00_01,0,0,0,CMP-0164,146.3275999999605,35.05009999964386,51.79699999999991
850.753,1,GA220,850,PRINCIPAL,2,145.54216639066385,12.449529143308329,0.03,0.03,0.0666666666666666,0.0666666666666666,0.0666666666666666,0.0666666666666666,0.001999999999999998,0.06453852113757111,AU_00_01,0,0,0,CMP-0165,146.59679999994114,46.48489999957383,0.0
926.249,1,TJ229,950,PRINCIPAL,2,148.71801572388668,-2.2990301638073936,0.13,0.13,0.5266666666666667,0.5266666666666667,0.5266666666666667,0.5266666666666667,0.06846666666666668,0.42308670945798393,AU_00_01,0,0,0,CMP-0166,147.2399999999907,31.412000000476837,75.49599999999998
902.55,1,GA9950,SIN_DATO,PRINCIPAL,2,149.0715463237898,0.7977401602635326,0.05,0.05,0.1333333333333333,0.1333333333333333,0.1333333333333333,0.1333333333333333,0.006666666666666665,0.125163142954006,AU_00_01,0,0,0,CMP-0167,148.11069999996107,34.404799999669194,51.79699999999991
850.753,1,GA220,850,PRINCIPAL,2,147.5397995016518,12.353327875729882,0.03,0.03,0.92,0.92,0.92,0.92,0.0276,0.6523251860396903,AU_00_01,0,0,0,CMP-0168,148.54960000002757,46.05319999996573,0.0
926.249,1,TJ229,950,PRINCIPAL,2,150.70043794282154,-2.050154399309341,0.03,0.03,0.45,0.45,0.45,0.45,0.0135,0.37156355643248307,AU_00_01,0,0,0,CMP-0169,149.23600000003353,31.32299999985844,75.49599999999998
902.55,1,GA9950,SIN_DATO,PRINCIPAL,2,150.86383480308686,1.3995062502502011,0.03,0.03,0.99,0.99,0.99,0.99,0.029699999999999997,0.688134638736401,AU_00_01,0,0,0,CMP-0170,149.97879999992438,34.69570000004023,51.79699999999991
850.753,1,GA220,850,PRINCIPAL,2,149.52993048715146,12.4610825056116,0.03,0.03,0.1433333333333333,0.1433333333333333,0.1433333333333333,0.1433333333333333,0.004299999999999999,0.13394797250973883,AU_00_01,0,0,0,CMP-0171,150.52939999999944,45.8238000003621,0.0
926.249,1,TJ229,950,PRINCIPAL,2,152.6949903411461,-1.9077580155186045,0.03,0.03,0.75,0.75,0.75,0.75,0.0225,0.5596157879354227,AU_00_01,0,0,0,CMP-0172,151.22600000002421,31.127000000327826,75.49599999999998
902.55,1,GA9950,SIN_DATO,PRINCIPAL,2,152.70541202035787,1.794421789617493,0.05,0.05,41.73333333333333,41.73333333333333,41.73333333333333,41.73333333333333,2.0866666666666664,3.75497925581846,AU_15_50,1,1,1,CMP-0173,151.86060000001453,34.774400000460446,51.79699999999991
850.753,1,GA220,850,PRINCIPAL,2,151.44806656885245,13.013362526821483,0.03,0.03,0.0866666666666666,0.0866666666666666,0.0866666666666666,0.0866666666666666,0.0025999999999999977,0.08311490671050652,AU_00_01,0,0,0,CMP-0174,152.51319999992847,46.044700000435114,0.0
926.249,1,TJ229,950,PRINCIPAL,2,154.68541698474277,-1.723457239358824,0.04,0.04,12.62,12.62,12.62,12.620000000000001,0.5048,2.6115393007213665,AU_05_15,1,1,0,CMP-0175,153.21899999992456,30.973000000230968,75.49599999999998
902.55,1,GA9950,SIN_DATO,PRINCIPAL,2,154.5777381631465,2.054085697083452,0.12,0.12,1.2633333333333334,1.2633333333333334,1.2633333333333334,1.2633333333333334,0.1516,0.8168386529024951,AU_01_05,1,0,0,CMP-0176,153.74989999993704,34.71459999959916,51.79699999999991
850.753,1,GA220,850,PRINCIPAL,2,153.31275356748947,13.72683763305278,0.03,0.03,0.2333333333333333,0.2333333333333333,0.2333333333333333,0.2333333333333333,0.006999999999999999,0.20972053098206905,AU_00_01,0,0,0,CMP-0177,154.4714999999851,46.43350000027567,0.0
926.249,1,TJ229,950,PRINCIPAL,2,156.6760122663147,-1.5401421414229723,0.03,0.03,0.69,0.69,0.69,0.69,0.020699999999999996,0.5247285289349821,AU_00_01,0,0,0,CMP-0178,155.21199999994133,30.817999999970198,75.49599999999998
902.55,1,GA9950,SIN_DATO,PRINCIPAL,2,156.45591816682057,2.2178635153661244,0.06,0.06,0.7033333333333334,0.7033333333333334,0.7033333333333334,0.7033333333333334,0.0422,0.5325871155475034,AU_00_01,0,0,0,CMP-0179,155.62879999994766,34.55929999984801,51.79699999999991
926.943,1,TJ229,950,PRINCIPAL,2,158.66879983960206,-1.36964085789946,0.03,0.03,1.13,1.13,1.13,1.13,0.03389999999999999,0.7561219797213337,AU_01_05,1,0,0,CMP-0180,157.2049999999581,30.65000000037253,76.18999999999994
902.55,1,GA9950,SIN_DATO,PRINCIPAL,2,158.3500382804211,2.214941984466983,0.1,0.1,0.8666666666666667,0.8666666666666667,0.8666666666666667,0.8666666666666667,0.08666666666666667,0.6241543090729939,AU_00_01,0,0,0,CMP-0181,157.49529999995138,34.23699999973178,51.79699999999991
926.943,1,TJ229,950,PRINCIPAL,3,160.66306726023174,-1.2374385312884657,0.03,0.03,0.1766666666666666,0.1766666666666666,0.1766666666666666,0.1766666666666666,0.005299999999999998,0.16268558227709565,AU_00_01,0,0,0,CMP-0182,159.1929999999702,30.44400000013411,76.18999999999994
902.55,1,GA9950,SIN_DATO,PRINCIPAL,3,160.2432521360364,2.315753277389453,0.04,0.04,0.05,0.05,0.05,0.05,0.002,0.04879016416943201,AU_00_01,0,0,0,CMP-0183,159.37839999992866,34.017099999822676,51.79699999999991
926.943,1,TJ229,950,PRINCIPAL,3,162.6606577998302,-1.1898881795379164,0.03,0.03,0.2166666666666666,0.2166666666666666,0.2166666666666666,0.2166666666666666,0.006499999999999997,0.19611487892629037,AU_00_01,0,0,0,CMP-0184,161.1699999999255,30.154000000096858,76.18999999999994
902.55,1,GA9950,SIN_DATO,PRINCIPAL,3,162.11874291423115,2.122260794085591,0.03,0.03,0.05,0.05,0.05,0.05,0.0015,0.04879016416943201,AU_00_01,0,0,0,CMP-0185,161.19439999992028,33.51009999960661,51.79699999999991
902.55,1,GA9950,SIN_DATO,PRINCIPAL,3,163.99998408681148,1.9372596576708212,0.06,0.06,0.0466666666666666,0.0466666666666666,0.0466666666666666,0.0466666666666666,0.002799999999999996,0.04561051125205224,AU_00_01,0,0,0,CMP-0186,163.0174999999581,33.01049999985844,51.79699999999991
902.55,1,GA9950,SIN_DATO,PRINCIPAL,3,165.89180720255874,1.93709018104918,0.05,0.05,0.15,0.15,0.15,0.15,0.0075,0.13976194237515868,AU_00_01,0,0,0,CMP-0187,164.88219999999274,32.691300000064075,51.79699999999991
926.943,1,TJ229,950,PRINCIPAL,3,166.64135685401646,-0.8618942153228644,0.03,0.03,2.1566666666666663,2.1566666666666663,2.1566666666666663,2.1566666666666663,0.06469999999999998,1.149516618529877,AU_01_05,1,0,0,CMP-0188,165.14899999997579,29.80599999986589,76.18999999999994
902.55,1,GA9950,SIN_DATO,PRINCIPAL,3,167.72682778770482,1.5205788347008729,0.06,0.06,43.156666666666666,43.156666666666666,43.156666666666666,43.156666666666666,2.5894,3.7877439160280604,AU_15_50,1,1,1,CMP-0189,166.62069999997038,31.971300000324845,51.79699999999991
926.943,1,TJ229,950,PRINCIPAL,3,168.6265557248375,-0.6470374181829848,0.03,0.03,0.1633333333333333,0.1633333333333333,0.1633333333333333,0.1633333333333333,0.004899999999999999,0.15128944754622609,AU_00_01,0,0,0,CMP-0190,167.14199999999255,29.683000000193715,76.18999999999994
902.55,1,GA9950,SIN_DATO,PRINCIPAL,3,169.59899728943105,1.1703819506863895,0.12,0.12,10.2,10.2,10.2,10.200000000000001,1.224,2.415913778301049,AU_05_15,1,1,0,CMP-0191,168.40700000000652,31.310399999842048,51.79699999999991
926.943,1,TJ229,950,PRINCIPAL,3,170.6166450928279,-0.4607652855164504,0.1,0.1,17.656666666666663,17.656666666666663,17.656666666666663,17.656666666666663,1.7656666666666663,2.9262035442351584,AU_15_50,1,1,1,CMP-0192,169.1350000000093,29.531000000424683,76.18999999999994
902.55,1,GA9950,SIN_DATO,PRINCIPAL,3,171.48752686765704,1.4124260211455169,0.07,0.07,22.38,22.38,22.38,22.38,1.5666,3.1518809560439225,AU_15_50,1,1,1,CMP-0193,170.30929999996442,31.23049999959767,51.79699999999991
926.943,1,TJ229,950,PRINCIPAL,3,172.61363686763167,-0.3504165144327338,0.09,0.09,55.54666666666667,55.54666666666667,55.54666666666667,55.54666666666667,4.9992,4.03506625593828,AU_GE_50,1,1,1,CMP-0194,171.12199999997392,29.303000000305474,76.18999999999994
902.55,1,GA9950,SIN_DATO,PRINCIPAL,3,173.36016285236727,1.638257637237008,0.16,0.16,23.14,23.14,23.14,23.14,3.7024000000000004,3.1838702156693857,AU_15_50,1,1,1,CMP-0195,172.1931999999797,31.13729999959469,51.79699999999991
928.289,1,TJ229,950,PRINCIPAL,3,174.6036477890329,-0.1458962635510486,0.06,0.06,25.993333333333336,25.993333333333336,25.993333333333336,25.993333333333336,1.5596,3.2955899219359055,AU_15_50,1,1,1,CMP-0196,173.11800000001676,29.16899999976158,77.53599999999994
902.55,1,GA9950,SIN_DATO,PRINCIPAL,3,175.2322494241081,1.812152771676569,0.15,0.15,18.043333333333333,18.043333333333333,18.043333333333333,18.043333333333333,2.7064999999999997,2.9467170840682613,AU_15_50,1,1,1,CMP-0197,174.0677999999607,30.992999999783933,51.79699999999991
928.289,1,TJ229,950,PRINCIPAL,3,176.57924604762883,0.1606547442950388,0.03,0.03,0.3933333333333333,0.3933333333333333,0.3933333333333333,0.3933333333333333,0.0118,0.33169895786855524,AU_00_01,0,0,0,CMP-0198,175.11699999996927,29.13800000026822,77.53599999999994
902.55,1,GA9950,SIN_DATO,PRINCIPAL,3,177.1061144273862,1.9394808881944288,0.05,0.05,14.176666666666668,14.176666666666668,14.176666666666668,14.176666666666668,0.7088333333333334,2.719759160678581,AU_05_15,1,1,0,CMP-0199,175.936299999943,30.802500000223517,51.79699999999991
928.289,1,TJ229,950,PRINCIPAL,3,178.54435352772649,0.4217861131152089,0.04,0.04,65.59,65.59,65.59,65.59,2.6236,4.198554416122531,AU_GE_50,1,1,1,CMP-0200,177.09799999999814,29.06400000024587,77.53599999999994
902.55,1,GA9950,SIN_DATO,PRINCIPAL,3,178.95450949821443,1.5515340849463437,0.18,0.18,8.203333333333335,8.203333333333335,8.203333333333335,8.203333333333335,1.4766000000000001,2.2195657372739537,AU_05_15,1,1,0,CMP-0201,177.6927999999607,30.10840000025928,51.79699999999991
931.14317711,1,TJ0279,SIN_DATO,PRINCIPAL,3,187.9126440459346,-8.823079544055702,0.05,0.05,0.1133333333333333,0.1133333333333333,0.1133333333333333,0.1133333333333333,0.005666666666666665,0.10735851832049932,AU_00_01,0,0,0,CMP-0202,184.77308452001307,18.371690340340137,80.39017710999997
935.21212625,1,TJ0279,SIN_DATO,PRINCIPAL,3,187.9126440459346,-8.823079544055702,0.07,0.07,30.613333333333333,30.613333333333333,30.613333333333333,30.613333333333333,2.1429333333333336,3.453578972529095,AU_15_50,1,1,1,CMP-0203,184.77308452001307,18.371690340340137,84.45912624999994
931.14317711,1,TJ0279,SIN_DATO,PRINCIPAL,3,189.896886912444,-8.963354727584324,0.08,0.08,0.25,0.25,0.25,0.25,0.02,0.22314355131420976,AU_00_01,0,0,0,CMP-0204,186.70525351993274,17.898805749602616,80.39017710999997
935.21212625,1,TJ0279,SIN_DATO,PRINCIPAL,3,189.896886912444,-8.963354727584324,0.14,0.14,13.2,13.2,13.2,13.2,1.848,2.653241964607215,AU_05_15,1,1,0,CMP-0205,186.70525351993274,17.898805749602616,84.45912624999994
931.14317711,1,TJ0279,SIN_DATO,PRINCIPAL,3,191.81043633261223,-9.098632273493642,0.21,0.21,6.756666666666666,6.756666666666666,6.756666666666666,6.756666666666666,1.4188999999999998,2.0485526886460907,AU_05_15,1,1,0,CMP-0206,188.56858433003072,17.44276881031692,80.39017710999997
935.21212625,1,TJ0279,SIN_DATO,PRINCIPAL,3,191.81043633261223,-9.098632273493642,0.14,0.14,31.30333333333333,31.30333333333333,31.30333333333333,31.30333333333333,4.382466666666667,3.4751704240783488,AU_15_50,1,1,1,CMP-0207,188.56858433003072,17.44276881031692,84.45912624999994
931.14317711,1,TJ0279,SIN_DATO,PRINCIPAL,3,193.8431100972865,-9.37310311403864,0.13,0.13,7.043333333333333,7.043333333333333,7.043333333333333,7.043333333333333,0.9156333333333333,2.0848435909688305,AU_05_15,1,1,0,CMP-0208,190.5258601399837,16.829443220049143,80.39017710999997
935.21212625,1,TJ0279,SIN_DATO,PRINCIPAL,3,193.8431100972865,-9.37310311403864,0.11,0.11,30.59666666666667,30.59666666666667,30.59666666666667,30.59666666666667,3.3656333333333337,3.4530516297968408,AU_15_50,1,1,1,CMP-0209,190.5258601399837,16.829443220049143,84.45912624999994
942.218,1,TJ0279,900,PRINCIPAL,3,194.354472993256,-7.735862781869846,0.14,0.14,15.516666666666667,15.516666666666667,15.516666666666667,15.516666666666666,2.1723333333333334,2.8043699721078874,AU_15_50,1,1,1,CMP-0210,191.3059999999823,18.356999999843538,91.46499999999992
931.14317711,1,TJ0279,SIN_DATO,PRINCIPAL,3,195.75595634794428,-9.04123074871981,0.15,0.15,5.533333333333333,5.533333333333333,5.533333333333333,5.533333333333333,0.83,1.8769172775683618,AU_05_15,1,1,0,CMP-0211,192.46727699995972,16.833984290249646,80.39017710999997
935.21212625,1,TJ0279,SIN_DATO,PRINCIPAL,3,195.75595634794428,-9.04123074871981,0.12,0.12,3.453333333333333,3.453333333333333,3.453333333333333,3.4533333333333327,0.41439999999999994,1.4936528794403898,AU_01_05,1,0,0,CMP-0212,192.46727699995972,16.833984290249646,84.45912624999994
931.14317711,1,TJ0279,SIN_DATO,PRINCIPAL,3,197.84779570071143,-8.906172034025767,0.09,0.09,3.99,3.99,3.99,3.9900000000000007,0.35910000000000003,1.6074359097634274,AU_01_05,1,0,0,CMP-0213,194.55193320999388,16.61434544995427,80.39017710999997
935.21212625,1,TJ0279,SIN_DATO,PRINCIPAL,3,197.84779570071143,-8.906172034025767,0.24,0.24,1.1333333333333333,1.1333333333333333,1.1333333333333333,1.1333333333333333,0.27199999999999996,0.7576857016975165,AU_01_05,1,0,0,CMP-0214,194.55193320999388,16.61434544995427,84.45912624999994
942.327,1,TJ0279,900,PRINCIPAL,3,198.3305259745089,-7.321414124167733,0.15,0.15,0.5266666666666667,0.5266666666666667,0.5266666666666667,0.5266666666666667,0.079,0.42308670945798393,AU_00_01,0,0,0,CMP-0215,195.2949999999255,18.09499999973923,91.57399999999996
931.14317711,1,TJ0279,SIN_DATO,PRINCIPAL,3,199.9052756919756,-8.453598212350368,0.1,0.1,26.19333333333333,26.19333333333333,26.19333333333333,26.193333333333335,2.6193333333333335,3.3029718452213026,AU_15_50,1,1,1,CMP-0216,196.65626721002627,16.71346857957542,80.39017710999997
933.94953407,1,TJ0279,SIN_DATO,PRINCIPAL,3,199.9052756919756,-8.453598212350368,0.16,0.16,13.846666666666666,13.846666666666666,13.846666666666666,13.846666666666666,2.2154666666666665,2.697775373161112,AU_05_15,1,1,0,CMP-0217,196.65626721002627,16.71346857957542,83.19653406999998
862.2479,1,SN-304W,850,PRINCIPAL,3,198.8358173744399,1.361959690998071,0.04,0.04,4.23,4.23,4.23,4.23,0.16920000000000002,1.6544112780768316,AU_01_05,1,0,0,CMP-0218,197.25740000000224,26.568800000473857,11.494899999999916
942.43,1,TJ0279,900,PRINCIPAL,3,200.32365082351728,-7.152884197131343,0.09,0.09,0.7833333333333333,0.7833333333333333,0.7833333333333333,0.7833333333333333,0.0705,0.5784842722398055,AU_00_01,0,0,0,CMP-0219,197.28799999994226,17.924999999813735,91.67699999999991
931.14317711,1,TJ0279,SIN_DATO,PRINCIPAL,3,201.8653208639916,-8.071535521609428,0.04,0.04,0.8833333333333333,0.8833333333333333,0.8833333333333333,0.8833333333333333,0.035333333333333335,0.6330432564902398,AU_00_01,0,0,0,CMP-0220,198.6526709999889,16.75952162966132,80.39017710999997
933.94953407,1,TJ0279,SIN_DATO,PRINCIPAL,3,201.8653208639916,-8.071535521609428,0.25,0.25,1.4366666666666668,1.4366666666666668,1.4366666666666668,1.4366666666666668,0.3591666666666667,0.8906309850935775,AU_01_05,1,0,0,CMP-0221,198.6526709999889,16.75952162966132,83.19653406999998
862.2479,1,SN-304W,850,PRINCIPAL,3,200.76625323939723,0.83901463552871,0.15,0.15,4.413333333333332,4.413333333333332,4.413333333333332,4.413333333333332,0.6619999999999998,1.688865046065422,AU_01_05,1,0,0,CMP-0222,199.07199999992736,25.727800000458956,11.494899999999916
942.534,1,TJ0279,900,PRINCIPAL,3,202.28836606992596,-6.800512233583111,0.18,0.18,6.4366666666666665,6.4366666666666665,6.4366666666666665,6.436666666666666,1.1585999999999999,2.006422719776331,AU_05_15,1,1,0,CMP-0223,199.2839999999851,17.940999999642372,91.78099999999995
931.14317711,1,TJ0279,SIN_DATO,PRINCIPAL,3,203.42432261048387,-7.581758955384515,0.07,0.07,1.2966666666666666,1.2966666666666666,1.2966666666666666,1.2966666666666666,0.09076666666666668,0.8314587963574575,AU_01_05,1,0,0,CMP-0224,200.27193971001543,16.979376980103552,80.39017710999997
933.94953407,1,TJ0279,SIN_DATO,PRINCIPAL,3,203.42432261048387,-7.581758955384515,0.2,0.2,39.00333333333333,39.00333333333333,39.00333333333333,39.00333333333333,7.800666666666666,3.6889627839752404,AU_15_50,1,1,1,CMP-0225,200.27193971001543,16.979376980103552,83.19653406999998
861.9432,1,SN-304W,850,PRINCIPAL,3,202.7648104455647,0.7611315563459002,0.13,0.13,1.4566666666666668,1.4566666666666668,1.4566666666666668,1.4566666666666668,0.18936666666666668,0.8988054175331356,AU_01_05,1,0,0,CMP-0226,201.02879999997094,25.31400000024587,11.190200000000004
942.74,1,TJ0279,900,PRINCIPAL,3,204.2427421105452,-6.3758484936086255,0.11,0.11,3.67,3.67,3.67,3.67,0.4037,1.541159071680806,AU_01_05,1,0,0,CMP-0227,201.28200000000652,18.03000000026077,91.98699999999997
931.14317711,1,TJ0279,SIN_DATO,PRINCIPAL,3,205.43414135705456,-7.283244133030438,0.09,0.09,8.636666666666667,8.636666666666667,8.636666666666667,8.636666666666667,0.7773,2.265575267360145,AU_05_15,1,1,0,CMP-0228,202.303314890014,16.934685019776225,80.39017710999997
933.94953407,1,TJ0279,SIN_DATO,PRINCIPAL,3,205.43414135705456,-7.283244133030438,0.1,0.1,9.943333333333332,9.943333333333332,9.943333333333332,9.943333333333332,0.9943333333333332,2.3927304428453913,AU_05_15,1,1,0,CMP-0229,202.303314890014,16.934685019776225,83.19653406999998
861.94323996,1,SN304W,850,PRINCIPAL,3,204.313275425134,1.4879401073640173,0.11,0.11,0.9766666666666668,0.9766666666666668,0.9766666666666668,0.9766666666666668,0.10743333333333335,0.6814119243415244,AU_00_01,0,0,0,CMP-0230,202.67765541002154,25.769269480369985,11.190239959999985
942.74,1,TJ0279,900,PRINCIPAL,3,206.2021511373595,-5.974672390904409,0.17,0.17,209.01333333333332,209.01333333333332,209.01333333333332,209.01333333333332,35.532266666666665,5.347171020765425,AU_GE_50,1,1,1,CMP-0231,203.28099999995902,18.09499999973923,91.98699999999997
861.94323996,1,SN304W,850,PRINCIPAL,3,206.0888017628744,1.69332400171918,0.06,0.06,1.2033333333333334,1.2033333333333334,1.2033333333333334,1.2033333333333334,0.0722,0.7899713651954853,AU_01_05,1,0,0,CMP-0232,204.46238829998765,25.672290969640017,11.190239959999985
931.14317711,1,TJ0279,SIN_DATO,PRINCIPAL,3,207.6123095623896,-6.831184830438337,0.12,0.12,5.473333333333334,5.473333333333334,5.473333333333334,5.473333333333334,0.6568,1.8676911741950692,AU_05_15,1,1,0,CMP-0233,204.52652185002808,17.012948400340974,80.39017710999997
933.94953407,1,TJ0279,SIN_DATO,PRINCIPAL,3,207.6123095623896,-6.831184830438337,0.1,0.1,13.303333333333336,13.303333333333336,13.303333333333336,13.303333333333338,1.3303333333333338,2.660492610335324,AU_05_15,1,1,0,CMP-0234,204.52652185002808,17.012948400340974,83.19653406999998
942.848,1,TJ0279,900,PRINCIPAL,3,208.184768142875,-5.732865010116189,0.07,0.07,15.673333333333334,15.673333333333334,15.673333333333334,15.673333333333334,1.0971333333333335,2.8138106367813633,AU_15_50,1,1,1,CMP-0235,205.27599999995437,17.998999999836087,92.09499999999991
861.94323996,1,SN304W,850,PRINCIPAL,3,207.98799113568575,2.3599355782184555,0.16,0.16,0.1766666666666666,0.1766666666666666,0.1766666666666666,0.1766666666666666,0.02826666666666666,0.16268558227709565,AU_00_01,0,0,0,CMP-0236,206.4467935699504,26.00908020976931,11.190239959999985
931.14317711,1,TJ0279,SIN_DATO,PRINCIPAL,3,209.5320788529746,-6.473488003337403,0.9,0.9,7.256666666666667,7.256666666666667,7.256666666666667,7.256666666666667,6.531000000000001,2.1110209548331587,AU_05_15,1,1,0,CMP-0237,206.479117579991,17.041776590049267,80.39017710999997
933.94953407,1,TJ0279,SIN_DATO,PRINCIPAL,3,209.5320788529746,-6.473488003337403,0.2,0.2,28.706666666666663,28.706666666666663,28.706666666666663,28.706666666666667,5.741333333333333,3.391371487510864,AU_15_50,1,1,1,CMP-0238,206.479117579991,17.041776590049267,83.19653406999998
942.952,1,TJ0279,900,PRINCIPAL,3,210.1573047717328,-5.402489091173687,0.48,0.48,37.75,37.75,37.75,37.75,18.12,3.657130755799356,AU_15_50,1,1,1,CMP-0239,207.27599999995437,17.99199999962002,92.19899999999996
861.92831325,1,SN304W,850,PRINCIPAL,3,209.7940074172563,2.958823940407998,0.1,0.1,0.8,0.8,0.8,0.8000000000000002,0.08000000000000002,0.5877866649021191,AU_00_01,0,0,0,CMP-0240,208.32793946994934,26.294828670099378,11.175313249999931
931.14317711,1,TJ0279,SIN_DATO,PRINCIPAL,3,211.4404213568213,-6.338146184302223,0.08,0.08,1.5333333333333334,1.5333333333333334,1.5333333333333334,1.5333333333333334,0.12266666666666667,0.9295359586241757,AU_01_05,1,0,0,CMP-0241,208.38295271003153,16.85336131043732,80.39017710999997
933.94953407,1,TJ0279,SIN_DATO,PRINCIPAL,3,211.4404213568213,-6.338146184302223,0.1,0.1,10.593333333333334,10.593333333333334,10.593333333333334,10.593333333333334,1.0593333333333335,2.4504302202580273,AU_05_15,1,1,0,CMP-0242,208.38295271003153,16.85336131043732,83.19653406999998
861.89582711,1,SN304W,850,PRINCIPAL,3,211.81437279691167,2.925953603538624,0.04,0.04,0.25,0.25,0.25,0.25,0.01,0.22314355131420976,AU_00_01,0,0,0,CMP-0243,210.31382615992334,25.92171906027943,11.142827109999985
943.548,1,TJ279,900,PRINCIPAL,3,214.44260560541292,-4.684542878280641,0.32,0.32,30.48333333333333,30.48333333333333,30.48333333333333,30.483333333333327,9.754666666666665,3.4494583052794088,AU_15_50,1,1,1,CMP-0244,211.62099999992643,17.976999999955297,92.79499999999996
861.85863367,1,SN304W,850,PRINCIPAL,3,213.79043048145112,2.69844031237422,0.09,0.09,0.12,0.12,0.12,0.12,0.010799999999999999,0.11332868530700317,AU_00_01,0,0,0,CMP-0245,212.22321555996314,25.36422611027956,11.105633669999975
935.02316186,1,TJ0279,SIN_DATO,PRINCIPAL,3,216.6570431081992,-6.030095987963527,0.47,0.47,2.74,2.74,2.74,2.74,1.2878,1.3190856114264407,AU_01_05,1,0,0,CMP-0246,213.57681134995073,16.27727985009551,84.27016185999992
936.72529116,1,TJ0279,900,PRINCIPAL,3,216.6570431081992,-6.030095987963527,0.38,0.38,235.71,235.71,235.71,235.71,89.5698,5.4668357631983,AU_GE_50,1,1,1,CMP-0247,213.57681134995073,16.27727985009551,85.97229115999994
944.161,1,TJ279,900,PRINCIPAL,3,216.4182300130008,-4.384074576799179,0.13,0.13,94.86666666666666,94.86666666666666,94.86666666666666,94.86666666666666,12.332666666666666,4.562958337178782,AU_GE_50,1,1,1,CMP-0248,213.61899999994785,17.940000000409782,93.4079999999999
861.79697214,1,SN304W,850,PRINCIPAL,3,215.76801065204043,2.9629931103030875,0.12,0.12,10.263333333333334,10.263333333333334,10.263333333333334,10.263333333333334,1.2316,2.421552612058089,AU_05_15,1,1,0,CMP-0249,214.21708660002332,25.29149517044425,11.043972139999937
944.673,1,TJ279,900,PRINCIPAL,3,218.41263992261383,-4.246775222047489,0.1,0.1,26.05,26.05,26.05,26.050000000000004,2.6050000000000004,3.2976870052924907,AU_15_50,1,1,1,CMP-0250,215.60800000000745,17.739000000059605,93.91999999999996
935.02316186,1,TJ0279,SIN_DATO,PRINCIPAL,3,218.65355594232744,-5.610710089747707,0.19,0.19,131.7,131.7,131.7,131.7,25.023,4.888090941338162,AU_GE_50,1,1,1,CMP-0251,215.6154546199832,16.353971740230918,84.27016185999992
936.72529116,1,TJ0279,900,PRINCIPAL,3,218.65355594232744,-5.610710089747707,0.4,0.4,34.925,34.925,34.925,34.925,13.969999999999999,3.5814334319650887,AU_15_50,1,1,1,CMP-0252,215.6154546199832,16.353971740230918,85.97229115999994
861.72786927,1,SN304W,850,PRINCIPAL,3,217.6079923458551,3.2370887404616604,0.2,0.2,21.39,21.39,21.39,21.39,4.2780000000000005,3.1086144306106633,AU_15_50,1,1,1,CMP-0253,216.0769391199574,25.25137470010668,10.97486927
861.72716479,1,SN304W,850,PRINCIPAL,3,217.6651663891865,3.539356551734792,0.07,0.07,1.1933333333333331,1.1933333333333331,1.1933333333333331,1.1933333333333331,0.08353333333333332,0.785422456669116,AU_01_05,1,0,0,CMP-0254,216.18426810996607,25.539671749807894,10.974164789999918
861.8488,1,SN304,850,PRINCIPAL,3,219.09870587527504,3.117288977380631,0.06,0.06,19.880000000000003,19.880000000000003,19.880000000000003,19.880000000000003,1.1928,3.038791763014438,AU_15_50,1,1,1,CMP-0255,217.52610000001732,24.88190000038594,11.09579999999994
935.02316186,1,TJ0279,SIN_DATO,PRINCIPAL,4,220.53458670268395,-5.248924262206392,0.11,0.11,96.105,96.105,96.105,96.105,10.57155,4.575792867277415,AU_GE_50,1,1,1,CMP-0256,217.53055618994404,16.39336314983666,84.27016185999992
936.72529116,1,TJ0279,900,PRINCIPAL,4,220.53458670268395,-5.248924262206392,0.16,0.16,70.26,70.26,70.26,70.26,11.241600000000002,4.26633516017769,AU_GE_50,1,1,1,CMP-0257,217.53055618994404,16.39336314983666,85.97229115999994
944.792,1,TJ279,900,PRINCIPAL,3,220.40088757553315,-4.435179760732371,0.17,0.17,27.19,27.19,27.19,27.190000000000005,4.622300000000001,3.338967305126021,AU_15_50,1,1,1,CMP-0258,217.53599999996368,17.218000000342727,94.03899999999999
935.02316186,1,TJ0279,SIN_DATO,PRINCIPAL,4,222.52580529837027,-5.657487127408395,0.26,0.26,5.279999999999999,5.279999999999999,5.279999999999999,5.279999999999999,1.3727999999999998,1.8373699804801071,AU_05_15,1,1,0,CMP-0259,219.4243575599976,15.654856899753213,84.27016185999992
936.72529116,1,TJ0279,900,PRINCIPAL,4,222.52580529837027,-5.657487127408395,0.45,0.45,48.53,48.53,48.53,48.53,21.8385,3.902578546600146,AU_15_50,1,1,1,CMP-0260,219.4243575599976,15.654856899753213,85.97229115999994
944.9,1,TJ279,900,PRINCIPAL,4,222.3852592186597,-4.6780175298777,0.04,0.04,15.196666666666667,15.196666666666667,15.196666666666667,15.196666666666667,0.6078666666666667,2.784805459749702,AU_15_50,1,1,1,CMP-0261,219.45100000000093,16.644000000320375,94.14699999999993
861.8488,2,SN304,850,PRINCIPAL,4,221.08462011708048,3.272816706041874,0.73,0.365,5.529999999999999,5.529999999999999,7.766666666666667,6.357260273972602,2.3204,1.995687618056116,AU_05_15,1,1,0,CMP-0262,219.5097999999998,24.700299999676645,11.09579999999994
945.0,1,TJ279,900,PRINCIPAL,4,224.3759958856714,-4.833531267608436,0.2,0.2,3.306666666666666,3.306666666666666,3.306666666666666,3.3066666666666666,0.6613333333333333,1.460164209686346,AU_01_05,1,0,0,CMP-0263,221.3869999999879,16.15500000026077,94.24699999999996
935.02316186,1,TJ0279,SIN_DATO,PRINCIPAL,4,224.6191309591075,-5.58875416595737,0.13,0.13,24.69,24.69,24.69,24.69,3.2097,3.2461018111217923,AU_15_50,1,1,1,CMP-0264,221.49929375993088,15.369591570459306,84.27016185999992
936.72529116,1,TJ0279,900,PRINCIPAL,4,224.6191309591075,-5.58875416595737,0.55,0.55,7.680000000000001,7.680000000000001,7.680000000000001,7.6800000000000015,4.224000000000001,2.161021528672259,AU_05_15,1,1,0,CMP-0265,221.49929375993088,15.369591570459306,85.97229115999994
861.8488,1,SN304,850,PRINCIPAL,4,223.03171361825972,3.739453467870679,0.1,0.1,7.120000000000001,7.120000000000001,7.120000000000001,7.120000000000002,0.7120000000000002,2.094330154173587,AU_05_15,1,1,0,CMP-0266,221.50769999995828,24.831899999640882,11.09579999999994
935.02316186,1,TJ0279,SIN_DATO,PRINCIPAL,4,226.4069588254193,-5.807749817679806,0.2,0.2,61.205,61.205,61.205,61.205,12.241,4.130435382366454,AU_GE_50,1,1,1,CMP-0267,223.2245855500223,14.85223693959415,84.27016185999992
936.72529116,1,TJ0279,900,PRINCIPAL,4,226.4069588254193,-5.807749817679806,0.5,0.5,153.04333333333335,153.04333333333335,153.04333333333335,153.04333333333335,76.52166666666668,5.0372339481136015,AU_GE_50,1,1,1,CMP-0268,223.2245855500223,14.85223693959415,85.97229115999994
945.102,1,TJ279,900,PRINCIPAL,4,226.3762728863136,-4.837262325003987,0.2,0.2,4.0633333333333335,4.0633333333333335,4.0633333333333335,4.0633333333333335,0.8126666666666668,1.6220250279395718,AU_01_05,1,0,0,CMP-0269,223.35800000000745,15.81400000024587,94.34899999999993
861.8488,1,SN304,850,PRINCIPAL,4,224.9775515361746,3.90922683801908,0.12,0.12,39.59,39.59,39.59,39.59,4.7508,3.7035217308508064,AU_15_50,1,1,1,CMP-0270,223.45429999998305,24.671099999919534,11.09579999999994
935.02316186,1,TJ0279,SIN_DATO,PRINCIPAL,4,228.3409425576797,-5.195059044919514,0.18,0.18,26.090000000000003,26.090000000000003,26.090000000000003,26.090000000000003,4.6962,3.299164656097004,AU_15_50,1,1,1,CMP-0271,225.23419376998208,15.13000997994095,84.27016185999992
936.72529116,1,TJ0279,900,PRINCIPAL,4,228.3409425576797,-5.195059044919514,0.15,0.15,29.80666666666667,29.80666666666667,29.80666666666667,29.80666666666667,4.471,3.4277311167740105,AU_15_50,1,1,1,CMP-0272,225.23419376998208,15.13000997994095,85.97229115999994
945.2,1,TJ279,900,PRINCIPAL,4,228.3756021020721,-4.811734166601958,0.24,0.24,0.8933333333333333,0.8933333333333333,0.8933333333333333,0.8933333333333333,0.21439999999999998,0.6383389440649503,AU_00_01,0,0,0,CMP-0273,225.33299999998417,15.502000000327826,94.447
935.02316186,1,TJ0279,SIN_DATO,PRINCIPAL,4,230.3428110744631,-5.083158354033436,0.14,0.14,12.01,12.01,12.01,12.01,1.6814000000000002,2.565718292524414,AU_05_15,1,1,0,CMP-0274,227.22626238001976,14.902717269957066,84.27016185999992
936.72529116,1,TJ0279,900,PRINCIPAL,4,230.3428110744631,-5.083158354033436,0.15,0.15,8.046666666666667,8.046666666666667,8.046666666666667,8.046666666666667,1.207,2.2023963657386134,AU_05_15,1,1,0,CMP-0275,227.22626238001976,14.902717269957066,85.97229115999994
945.279,1,TJ279,900,PRINCIPAL,4,230.3608009730501,-4.596877370380064,0.09,0.09,22.796666666666667,22.796666666666667,22.796666666666667,22.796666666666667,2.0517,3.1695455148462597,AU_15_50,1,1,1,CMP-0276,227.32600000000093,15.378999999724329,94.52599999999995
861.8488,1,SN304,850,PRINCIPAL,4,229.00604004763505,3.9928804908316127,0.12,0.12,1.7366666666666668,1.7366666666666668,1.7366666666666668,1.7366666666666668,0.2084,1.006740634796227,AU_01_05,1,0,0,CMP-0277,227.43920000002254,24.074199999682605,11.09579999999994
945.197,1,TJ279,900,PRINCIPAL,4,232.34409252985057,-4.359012701648103,0.3,0.3,5.2,5.2,5.2,5.2,1.56,1.824549292051046,AU_05_15,1,1,0,CMP-0278,229.32099999999627,15.279000000096858,94.44399999999996
935.02316186,1,TJ0279,SIN_DATO,PRINCIPAL,4,232.7152740166925,-4.84086588202136,0.13,0.13,59.525,59.525,59.525,59.525,7.73825,4.103056502824122,AU_GE_50,1,1,1,CMP-0279,229.6056067799218,14.7414526399225,84.27016185999992
936.72529116,1,TJ0279,900,PRINCIPAL,4,232.7152740166925,-4.84086588202136,0.1,0.1,14.856666666666666,14.856666666666666,14.856666666666666,14.856666666666666,1.4856666666666667,2.7635900217760803,AU_05_15,1,1,0,CMP-0280,229.6056067799218,14.7414526399225,85.97229115999994
945.126,1,TJ279,900,PRINCIPAL,4,234.34175243204092,-4.442324854525826,0.13,0.13,1.4466666666666663,1.4466666666666663,1.4466666666666663,1.4466666666666663,0.18806666666666663,0.8947265539583144,AU_01_05,1,0,0,CMP-0281,231.27599999995437,14.860000000335276,94.37299999999993
861.8488,1,SN304,850,PRINCIPAL,4,233.00481331377824,3.948387726830605,0.1,0.1,0.6333333333333333,0.6333333333333333,0.6333333333333333,0.6333333333333333,0.06333333333333334,0.4906229164484712,AU_00_01,0,0,0,CMP-0282,231.37320000003092,23.355999999679625,11.09579999999994
935.02316186,1,TJ0279,SIN_DATO,PRINCIPAL,4,234.5184536158656,-4.621195298214502,0.07,0.07,10.965,10.965,10.965,10.965,0.7675500000000001,2.4819857213603367,AU_05_15,1,1,0,CMP-0283,231.42000615992583,14.65389281976968,84.27016185999992
936.72529116,1,TJ0279,900,PRINCIPAL,4,234.5184536158656,-4.621195298214502,0.16,0.16,16.846666666666668,16.846666666666668,16.846666666666668,16.846666666666668,2.695466666666667,2.8818167494240967,AU_15_50,1,1,1,CMP-0284,231.42000615992583,14.65389281976968,85.97229115999994
945.058,1,TJ279,900,PRINCIPAL,4,236.3397730988453,-4.456587244763235,0.1,0.1,19.28,19.28,19.28,19.28,1.9280000000000002,3.0096351787229825,AU_15_50,1,1,1,CMP-0285,233.24300000001676,14.50899999961257,94.30499999999995
861.8488,1,SN304,850,PRINCIPAL,4,235.00410191096253,3.910703716498392,0.1,0.1,3.6166666666666663,3.6166666666666663,3.6166666666666663,3.6166666666666663,0.36166666666666664,1.5296729439652377,AU_01_05,1,0,0,CMP-0286,233.33750000002328,22.981700000353158,11.09579999999994
935.02316186,1,TJ0279,SIN_DATO,PRINCIPAL,4,236.5176978076341,-4.36474679592977,0.14,0.14,0.645,0.645,0.645,0.645,0.0903,0.49774038421733524,AU_00_01,0,0,0,CMP-0287,233.43386425997596,14.569520279765129,84.27016185999992
936.72529116,1,TJ0279,900,PRINCIPAL,4,236.5176978076341,-4.36474679592977,0.1,0.1,1.4566666666666668,1.4566666666666668,1.4566666666666668,1.4566666666666668,0.1456666666666667,0.8988054175331356,AU_01_05,1,0,0,CMP-0288,233.43386425997596,14.569520279765129,85.97229115999994
944.991,1,TJ279,900,PRINCIPAL,4,238.30367130482864,-4.105369596381455,0.12,0.12,9.126666666666669,9.126666666666669,9.126666666666669,9.126666666666669,1.0952000000000002,2.315172208499517,AU_05_15,1,1,0,CMP-0289,235.2380000000121,14.524000000208616,94.23799999999994
861.8488,1,SN304,850,PRINCIPAL,4,237.0008488398473,4.012995809666597,0.08,0.08,2.86,2.86,2.86,2.86,0.2288,1.3506671834767394,AU_01_05,1,0,0,CMP-0290,235.3229000000283,22.745799999684095,11.09579999999994
935.02316186,1,TJ0279,SIN_DATO,PRINCIPAL,4,238.39826043189765,-3.943800806213509,0.04,0.04,0.375,0.375,0.375,0.375,0.015,0.3184537311185346,AU_00_01,0,0,0,CMP-0291,235.3584810399916,14.667303510010242,84.27016185999992
936.72529116,1,TJ0279,900,PRINCIPAL,4,238.39826043189765,-3.943800806213509,0.04,0.04,21.863333333333337,21.863333333333337,21.863333333333337,21.863333333333337,0.8745333333333335,3.1295344628431203,AU_15_50,1,1,1,CMP-0292,235.3584810399916,14.667303510010242,85.97229115999994
945.05,1,TJ279,900,PRINCIPAL,4,240.29984603936413,-3.9961751413821736,0.18,0.18,12.5,12.5,12.5,12.5,2.25,2.6026896854443837,AU_05_15,1,1,0,CMP-0293,237.22399999992922,14.294999999925494,94.29699999999991
935.02316186,1,TJ0279,SIN_DATO,PRINCIPAL,4,240.36220393982336,-3.456682236545204,0.22,0.22,15.84,15.84,15.84,15.84,3.4848,2.8237570088141806,AU_15_50,1,1,1,CMP-0294,237.37644372996874,14.816250430420041,84.27016185999992
936.72529116,1,TJ0279,900,PRINCIPAL,4,240.36220393982336,-3.456682236545204,0.1,0.1,1.9966666666666664,1.9966666666666664,1.9966666666666664,1.9966666666666666,0.19966666666666666,1.0975005598154193,AU_01_05,1,0,0,CMP-0295,237.37644372996874,14.816250430420041,85.97229115999994
861.8488,1,SN304,850,PRINCIPAL,4,239.16259916209253,4.418658568545421,0.03,0.03,3.4433333333333334,3.4433333333333334,3.4433333333333334,3.4433333333333334,0.1033,1.4914048455225075,AU_01_05,1,0,0,CMP-0296,237.52209999994375,22.78110000025481,11.09579999999994
945.382,1,TJ279,900,PRINCIPAL,4,242.28954583392152,-3.795766240397623,0.1,0.1,29.396666666666665,29.396666666666665,29.396666666666665,29.396666666666665,2.9396666666666667,3.4143329532774644,AU_15_50,1,1,1,CMP-0297,239.21899999992456,14.156999999657273,94.6289999999999
935.02316186,1,TJ0279,SIN_DATO,PRINCIPAL,4,242.39027963311088,-3.208596087951018,0.19,0.19,4.04,4.04,4.04,4.04,0.7676000000000001,1.6174060820832772,AU_01_05,1,0,0,CMP-0298,239.41731019993313,14.71877321973443,84.27016185999992
936.72529116,1,TJ0279,900,PRINCIPAL,4,242.39027963311088,-3.208596087951018,0.32,0.32,25.940000000000005,25.940000000000005,25.940000000000005,25.94000000000001,8.300800000000002,3.293612170982218,AU_15_50,1,1,1,CMP-0299,239.41731019993313,14.71877321973443,85.97229115999994
861.8488,1,SN304,850,PRINCIPAL,4,241.1434978786133,4.693042742876399,0.03,0.03,0.5233333333333333,0.5233333333333333,0.5233333333333333,0.5233333333333333,0.0157,0.42090091623800363,AU_00_01,0,0,0,CMP-0300,239.52090000000317,22.71750000026077,11.09579999999994
944.635,1,TJ279,900,PRINCIPAL,4,244.27188960595305,-3.5286423558484503,0.04,0.04,12.16,12.16,12.16,12.16,0.4864,2.5771819258971713,AU_05_15,1,1,0,CMP-0301,241.21799999999348,14.08600000012666,93.88199999999995
935.02316186,1,TJ0279,SIN_DATO,PRINCIPAL,4,244.29186157226724,-2.919171403687921,0.12,0.12,10.75,10.75,10.75,10.75,1.29,2.463853240590168,AU_05_15,1,1,0,CMP-0302,241.34046579001006,14.683374130167067,84.27016185999992
936.72529116,1,TJ0279,900,PRINCIPAL,4,244.29186157226724,-2.919171403687921,0.23,0.23,9.386666666666668,9.386666666666668,9.386666666666668,9.386666666666668,2.158933333333334,2.340522932334438,AU_05_15,1,1,0,CMP-0303,241.34046579001006,14.683374130167067,85.97229115999994
861.8488,1,SN304,850,PRINCIPAL,4,243.0995917534584,4.308912695115003,0.05,0.05,0.53,0.53,0.53,0.53,0.026500000000000003,0.4252677354043441,AU_00_01,0,0,0,CMP-0304,241.38419999997132,22.00899999961257,11.09579999999994
861.8488,1,SN304,850,PRINCIPAL,4,244.6141103011928,3.040349564234011,0.03,0.03,1.48,1.48,1.48,1.48,0.044399999999999995,0.9082585601768908,AU_01_05,1,0,0,CMP-0305,242.66310000000522,20.503200000151992,11.09579999999994
861.8488,1,SN304,850,PRINCIPAL,4,246.42455370955392,2.5089481296297507,0.04,0.04,0.74,0.74,0.74,0.74,0.0296,0.5538851132264376,AU_00_01,0,0,0,CMP-0306,244.35800000000745,19.674100000411272,11.09579999999994
861.8006,1,SN-304E,850,PRINCIPAL,4,248.9577566191204,2.8711291047761427,0.04,0.04,0.19,0.19,0.19,0.19,0.0076,0.173953307123438,AU_00_01,0,0,0,CMP-0307,246.91599999996834,19.603900000452995,11.047599999999989
861.8488,1,SN-304E,850,PRINCIPAL,4,254.87616363182707,3.2752847208679303,0.04,0.04,0.06,0.06,0.06,0.05999999999999999,0.0024,0.05826890812397577,AU_00_01,0,0,0,CMP-0308,252.8177999999607,19.004200000315905,11.09579999999994
861.8488,1,SN-304E,850,PRINCIPAL,4,256.86605533226617,3.4769438905139123,0.03,0.03,0.22,0.22,0.22,0.22,0.0066,0.1988508587451652,AU_00_01,0,0,0,CMP-0309,254.81319999997504,18.86739999987185,11.09579999999994
902.35,1,GA9920,SIN_DATO,ALEJADO,4,341.83011397923974,2.650258897285814,0.05,0.05,7.706666666666666,7.706666666666666,7.706666666666666,7.706666666666666,0.3853333333333333,2.1640890157401205,AU_05_15,1,1,0,CMP-0310,338.420999999973,3.724399999715388,51.59699999999998
902.35,1,GA9920,SIN_DATO,ALEJADO,4,343.8212036761206,2.600012322212006,0.08,0.08,7.053333333333334,7.053333333333334,7.053333333333334,7.053333333333334,0.5642666666666667,2.0860860843985045,AU_05_15,1,1,0,CMP-0311,340.37509999994654,3.339100000448525,51.59699999999998
902.0302,1,GA9920,SIN_DATO,ALEJADO,4,345.11310878662186,2.401939618826144,0.13,0.13,0.09,0.09,0.09,0.09,0.0117,0.08617769624105233,AU_00_01,0,0,0,CMP-0312,341.61509999993723,2.9259999999776483,51.27719999999999
902.35,1,GA9920,SIN_DATO,ALEJADO,4,345.81187667740863,2.4478356410644886,0.05,0.05,0.0533333333333333,0.0533333333333333,0.0533333333333333,0.0533333333333333,0.0026666666666666653,0.05195973893071102,AU_00_01,0,0,0,CMP-0313,342.31160000001546,2.853400000371039,51.59699999999998
902.35,1,GA9920,SIN_DATO,ALEJADO,4,347.79415304565407,2.1875952906293485,0.05,0.05,0.1366666666666667,0.1366666666666667,0.1366666666666667,0.1366666666666667,0.0068333333333333345,0.12810000262731575,AU_00_01,0,0,0,CMP-0314,344.22159999993164,2.2626000000163913,51.59699999999998
902.35,1,GA9920,SIN_DATO,ALEJADO,4,349.79962783553094,2.2329436894286285,0.04,0.04,2.1633333333333336,2.1633333333333336,2.1633333333333336,2.1633333333333336,0.08653333333333334,1.1516263239537268,AU_01_05,1,0,0,CMP-0315,346.2060000000056,1.9691000003367662,51.59699999999998
902.35,1,GA9920,SIN_DATO,ALEJADO,4,351.7810048760774,2.514612862487346,0.05,0.05,10.116666666666667,10.116666666666667,10.116666666666667,10.116666666666667,0.5058333333333334,2.408445483693523,AU_05_15,1,1,0,CMP-0316,348.20649999997113,1.9126000003889203,51.59699999999998
902.35,1,GA9920,SIN_DATO,ALEJADO,4,353.7661703957878,2.7563489987461582,0.05,0.05,0.47,0.47,0.47,0.47,0.0235,0.3852624007906449,AU_00_01,0,0,0,CMP-0317,350.204000000027,1.8161000004038215,51.59699999999998
902.35,1,GA9920,SIN_DATO,ALEJADO,4,355.73819732176923,3.0867391663991626,0.04,0.04,1.9366666666666668,1.9366666666666668,1.9366666666666668,1.9366666666666668,0.07746666666666667,1.0772751512799785,AU_01_05,1,0,0,CMP-0318,352.20349999994505,1.8092000000178814,51.59699999999998
902.35,1,GA9920,SIN_DATO,ALEJADO,4,357.9853264685106,3.4796169186972743,0.05,0.05,0.5066666666666666,0.5066666666666666,0.5066666666666666,0.5066666666666666,0.025333333333333333,0.4098997051760301,AU_00_01,0,0,0,CMP-0319,354.48470000003,1.8174999998882413,51.59699999999998
902.35,1,GA9920,SIN_DATO,ALEJADO,4,358.8753963324058,3.069137519128069,0.12,0.12,0.7200000000000001,0.7200000000000001,0.7200000000000001,0.7200000000000001,0.0864,0.5423242908253617,AU_00_01,0,0,0,CMP-0320,355.2927999999374,1.2627999996766448,51.59699999999998
902.35,1,GA9920,SIN_DATO,ALEJADO,4,361.17663622052976,2.993936605493396,0.13,0.13,0.2,0.2,0.2,0.2,0.026000000000000002,0.18232155679395465,AU_00_01,0,0,0,CMP-0321,357.54839999997057,0.8005999997258186,51.59699999999998
902.35,1,GA9920,SIN_DATO,ALEJADO,4,363.5257376221334,3.292459393810852,0.07,0.07,4.1433333333333335,4.1433333333333335,4.1433333333333335,4.1433333333333335,0.29003333333333337,1.6377013777069598,AU_01_05,1,0,0,CMP-0322,359.91419999999925,0.6986999996006489,51.59699999999998
902.35,1,GA9920,SIN_DATO,ALEJADO,4,365.0785370698056,3.3757124721916,0.1,0.1,1.5466666666666666,1.5466666666666666,1.5466666666666666,1.5466666666666666,0.15466666666666667,0.9347853145103194,AU_01_05,1,0,0,CMP-0323,361.45880000002217,0.5189000004902482,51.59699999999998
902.35,1,GA9920,SIN_DATO,ALEJADO,4,367.91627350599526,4.151371113879078,0.18,0.18,0.3266666666666666,0.3266666666666666,0.3266666666666666,0.3266666666666666,0.058799999999999984,0.2826695306282366,AU_00_01,0,0,0,CMP-0324,364.38670000003185,0.80489999987185,51.59699999999998
902.35,1,GA9920,900,ALEJADO,4,369.9659012294246,3.685442905874873,0.06,0.06,1.893333333333333,1.893333333333333,1.893333333333333,1.893333333333333,0.11359999999999998,1.062409240004149,AU_01_05,1,0,0,CMP-0325,366.3283999999985,0.0,51.59699999999998
902.35,1,GA9920,900,ALEJADO,4,369.87200995228,4.46608964256491,0.07,0.07,0.6966666666666667,0.6966666666666667,0.6966666666666667,0.6966666666666667,0.04876666666666667,0.5286655418943217,AU_00_01,0,0,0,CMP-0326,366.3674999999348,0.7852999996393919,51.59699999999998
902.35,1,GA9920,SIN_DATO,ALEJADO,4,371.2694818927417,4.415938014611143,0.07,0.07,1.01,1.01,1.01,1.01,0.07070000000000001,0.6981347220709844,AU_01_05,1,0,0,CMP-0327,367.73649999999907,0.5001999996602535,51.59699999999998
902.35,1,GA9920,SIN_DATO,ALEJADO,4,374.30523328782704,4.435663051655608,0.08,0.08,0.1033333333333333,0.1033333333333333,0.1033333333333333,0.10333333333333332,0.008266666666666665,0.09833590072086183,AU_00_01,0,0,0,CMP-0328,370.7321000000229,0.007699999958276749,51.59699999999998
902.35,1,GA9920,SIN_DATO,ALEJADO,4,377.262458674815,5.791988311482957,0.05,0.05,0.1033333333333333,0.1033333333333333,0.1033333333333333,0.1033333333333333,0.005166666666666666,0.09833590072086182,AU_00_01,0,0,0,CMP-0329,373.87569999997504,0.8459000000730157,51.59699999999998
