S_Longitudinal_m,Cota,Au_IDW_g_t,DistanciaMin_m,Vecinos_10m,Vecinos_15m,T_Referencia_m,Soporte,UsarEnModelo,ClaseAu,Indicador_Au_GE_1,Indicador_Au_GE_5,Indicador_Au_GE_15,EsteRel_m,NorteRel_m,CotaRel_m,NodoID
130.0,850.0,0.32097092647100117,1.805936563030862,5,7,13.872220163185114,DATOS_CERCANOS,SI,AU_00_01,0,0,0,131.51714676315896,50.50821251515299,-0.7530000000000427,N-00027
135.0,850.0,0.22018610044066667,0.9457424537856532,7,10,13.158571488235696,DATOS_CERCANOS,SI,AU_00_01,0,0,0,136.32518900756259,48.96159549895674,-0.7530000000000427,N-00028
140.0,850.0,0.1632272107182597,0.877154979150052,10,12,12.746192239999818,DATOS_CERCANOS,SI,AU_00_01,0,0,0,141.1840366750257,47.71193314995617,-0.7530000000000427,N-00029
145.0,850.0,0.13341640806989907,0.9278757433867599,10,12,12.449529143308329,DATOS_CERCANOS,SI,AU_00_01,0,0,0,146.06239846348763,46.5763296764344,-0.7530000000000427,N-00030
150.0,850.0,0.1798499019607835,0.8876791914367078,7,10,12.4610825056116,DATOS_CERCANOS,SI,AU_00_01,0,0,0,150.9927372073289,45.74452840723097,-0.7530000000000427,N-00031
155.0,850.0,0.21344869357936222,1.847649729797179,5,7,13.72683763305278,DATOS_CERCANOS,SI,AU_00_01,0,0,0,156.13458181824535,46.14896632079035,-0.7530000000000427,N-00032
130.0,855.0,0.27666649376646346,4.553175470997279,4,7,13.872220163185114,APOYO_LIMITADO,SI,AU_00_01,0,0,0,131.51714676315896,50.50821251515299,4.246999999999957,N-00104
135.0,855.0,0.22897475287171734,4.285373821371023,7,9,13.158571488235696,APOYO_LIMITADO,SI,AU_00_01,0,0,0,136.32518900756259,48.96159549895674,4.246999999999957,N-00105
140.0,855.0,0.17987543669022976,4.270761156684754,9,12,12.746192239999818,APOYO_LIMITADO,SI,AU_00_01,0,0,0,141.1840366750257,47.71193314995617,4.246999999999957,N-00106
145.0,855.0,0.215492527976517,4.281466266965688,9,12,12.449529143308329,APOYO_LIMITADO,SI,AU_00_01,0,0,0,146.06239846348763,46.5763296764344,4.246999999999957,N-00107
150.0,855.0,0.23651566830124893,4.272935097437041,7,9,12.4610825056116,APOYO_LIMITADO,SI,AU_00_01,0,0,0,150.9927372073289,45.74452840723097,4.246999999999957,N-00108
155.0,855.0,0.21287248457060784,4.569880690348399,4,7,13.72683763305278,APOYO_LIMITADO,SI,AU_00_01,0,0,0,156.13458181824535,46.14896632079035,4.246999999999957,N-00109
195.0,860.0,2.6469452674352882,4.445958764997131,4,7,1.361959690998071,APOYO_LIMITADO,SI,AU_01_05,1,0,0,193.47651888581458,27.215663919225335,9.246999999999957,N-00194
200.0,860.0,2.8081892051632322,2.374910195541415,7,9,0.83901463552871,DATOS_CERCANOS,SI,AU_01_05,1,0,0,198.31672097521368,25.857019278220832,9.246999999999957,N-00195
205.0,860.0,1.1959815663796751,2.0610124172032025,9,12,1.4879401073640173,DATOS_CERCANOS,SI,AU_01_05,1,0,0,203.35454476997256,25.65346172451973,9.246999999999957,N-00196
210.0,860.0,0.8477536231705569,1.9392846449840422,12,12,2.958823940407998,DATOS_CERCANOS,SI,AU_00_01,0,0,0,208.53098184114788,26.26009050384164,9.246999999999957,N-00197
215.0,860.0,3.557174750267467,1.9542132006471746,11,12,2.9629931103030875,DATOS_CERCANOS,SI,AU_01_05,1,0,0,213.4600753308041,25.421010799705982,9.246999999999957,N-00198
220.0,860.0,8.27881869779407,2.056791807467071,10,12,3.117288977380631,DATOS_CERCANOS,SI,AU_05_15,1,1,0,218.41448586131446,24.72990768775344,9.246999999999957,N-00199
225.0,860.0,13.69196995256629,1.8489362816300776,9,12,3.90922683801908,DATOS_CERCANOS,SI,AU_05_15,1,1,0,223.4764269554289,24.667314309626818,9.246999999999957,N-00200
230.0,860.0,2.691305352217883,2.0990516494134352,8,12,3.9928804908316127,DATOS_CERCANOS,SI,AU_01_05,1,0,0,228.41892453609034,23.906580716371536,9.246999999999957,N-00201
235.0,860.0,2.444294229398994,1.8488045504253503,8,12,3.910703716498392,DATOS_CERCANOS,SI,AU_01_05,1,0,0,233.33345683291554,22.98239170666784,9.246999999999957,N-00202
240.0,860.0,1.626198169730129,2.0296062680549802,9,11,4.418658568545421,DATOS_CERCANOS,SI,AU_01_05,1,0,0,238.34750764805358,22.63988250400871,9.246999999999957,N-00203
245.0,860.0,0.9589034842260612,1.8886429783433003,7,11,3.040349564234011,DATOS_CERCANOS,SI,AU_00_01,0,0,0,243.0434630153468,20.43812437262386,9.246999999999957,N-00204
250.0,860.0,0.41948266846228405,2.0804883140713493,7,9,2.8711291047761427,DATOS_CERCANOS,SI,AU_00_01,0,0,0,247.943316453835,19.428138311952353,9.246999999999957,N-00205
255.0,860.0,0.1864015833002851,1.8529427638440963,4,7,3.2752847208679303,DATOS_CERCANOS,SI,AU_00_01,0,0,0,252.93986279075034,18.98331647645682,9.246999999999957,N-00206
260.0,860.0,0.30757476285365043,3.6386358186025203,2,4,3.4769438905139123,APOYO_LIMITADO,SI,AU_00_01,0,0,0,257.90226056589745,18.338898334652185,9.246999999999957,N-00207
195.0,865.0,2.608720182196156,4.720969110262767,4,6,1.361959690998071,APOYO_LIMITADO,SI,AU_01_05,1,0,0,193.47651888581458,27.215663919225335,14.246999999999957,N-00271
200.0,865.0,2.7021024972061776,2.8567811321287766,6,9,0.83901463552871,APOYO_LIMITADO,SI,AU_01_05,1,0,0,198.31672097521368,25.857019278220832,14.246999999999957,N-00272
205.0,865.0,1.2951596154169835,3.1329495022846294,9,12,1.4879401073640173,APOYO_LIMITADO,SI,AU_01_05,1,0,0,203.35454476997256,25.65346172451973,14.246999999999957,N-00273
210.0,865.0,1.0367533066567494,3.0785861096079716,12,12,2.958823940407998,APOYO_LIMITADO,SI,AU_01_05,1,0,0,208.53098184114788,26.26009050384164,14.246999999999957,N-00274
215.0,865.0,3.391400984157624,3.2938166059426983,11,12,2.9629931103030875,APOYO_LIMITADO,SI,AU_01_05,1,0,0,213.4600753308041,25.421010799705982,14.246999999999957,N-00275
220.0,865.0,7.370743948589006,3.277558929945247,10,12,3.117288977380631,APOYO_LIMITADO,SI,AU_05_15,1,1,0,218.41448586131446,24.72990768775344,14.246999999999957,N-00276
225.0,865.0,9.484474738063895,3.1512799579739386,9,12,3.90922683801908,APOYO_LIMITADO,SI,AU_05_15,1,1,0,223.4764269554289,24.667314309626818,14.246999999999957,N-00277
230.0,865.0,3.2891742975575724,3.3042423983275553,8,12,3.9928804908316127,APOYO_LIMITADO,SI,AU_01_05,1,0,0,228.41892453609034,23.906580716371536,14.246999999999957,N-00278
235.0,865.0,2.3013147660593365,3.1512026697236806,7,12,3.910703716498392,APOYO_LIMITADO,SI,AU_01_05,1,0,0,233.33345683291554,22.98239170666784,14.246999999999957,N-00279
240.0,865.0,1.5705583241517802,3.260567681145146,9,10,4.418658568545421,APOYO_LIMITADO,SI,AU_01_05,1,0,0,238.34750764805358,22.63988250400871,14.246999999999957,N-00280
245.0,865.0,0.9239757462911987,3.174739721559174,7,11,3.040349564234011,APOYO_LIMITADO,SI,AU_00_01,0,0,0,243.0434630153468,20.43812437262386,14.246999999999957,N-00281
250.0,865.0,0.5342937123995738,3.3648821116031886,7,9,2.8711291047761427,APOYO_LIMITADO,SI,AU_00_01,0,0,0,247.943316453835,19.428138311952353,14.246999999999957,N-00282
255.0,865.0,0.2802210732590854,3.1536323321025184,4,7,3.2752847208679303,APOYO_LIMITADO,SI,AU_00_01,0,0,0,252.93986279075034,18.98331647645682,14.246999999999957,N-00283
260.0,865.0,0.34158254390473214,4.4442851641650325,2,4,3.4769438905139123,APOYO_LIMITADO,SI,AU_00_01,0,0,0,257.90226056589745,18.338898334652185,14.246999999999957,N-00284
10.0,900.0,1.8700187727735764,2.816280350672194,5,10,-4.429058720487957,APOYO_LIMITADO,SI,AU_01_05,1,0,0,10.149488925584592,52.705583123490214,49.24699999999996,N-00773
15.0,900.0,3.39539468145005,2.6007606280819022,10,12,-4.457254939413387,APOYO_LIMITADO,SI,AU_01_05,1,0,0,15.073124386253767,51.834601565264165,49.24699999999996,N-00774
20.0,900.0,12.339468185511361,2.67764882588066,12,12,-2.8198465383291347,APOYO_LIMITADO,SI,AU_05_15,1,1,0,20.27764379954897,52.60536996088922,49.24699999999996,N-00775
25.0,900.0,14.753455750584212,2.6300466884868303,12,12,0.6210838427318199,APOYO_LIMITADO,SI,AU_05_15,1,1,0,25.78630524990149,55.15383043047041,49.24699999999996,N-00776
30.0,900.0,9.335871215651068,2.706627451573414,12,12,1.6812498231221569,APOYO_LIMITADO,SI,AU_05_15,1,1,0,30.89347975270357,55.355623628012836,49.24699999999996,N-00777
35.0,900.0,13.21853016823396,2.6248883719142695,12,12,2.7601814207293263,APOYO_LIMITADO,SI,AU_05_15,1,1,0,36.003818848286755,55.57591368351132,49.24699999999996,N-00778
40.0,900.0,3.4631889846581094,2.6662015897135207,12,12,2.612904539020401,APOYO_LIMITADO,SI,AU_01_05,1,0,0,40.907372804242186,54.58755692653358,49.24699999999996,N-00779
45.0,900.0,1.2954149026814714,2.631072015575355,12,12,2.6781045451335173,APOYO_LIMITADO,SI,AU_01_05,1,0,0,45.846758401952684,53.80863397847861,49.24699999999996,N-00780
50.0,900.0,1.9378621906620832,2.6525405539277136,11,12,2.3107362563885547,APOYO_LIMITADO,SI,AU_01_05,1,0,0,50.71319661999587,52.60333794634789,49.24699999999996,N-00781
55.0,900.0,2.298419007162689,2.649703746244793,11,12,1.7266622355278076,APOYO_LIMITADO,SI,AU_01_05,1,0,0,55.543090053251944,51.18443982489407,49.24699999999996,N-00782
60.0,900.0,3.445331981508956,2.636685804082037,12,12,1.9466681892142468,APOYO_LIMITADO,SI,AU_01_05,1,0,0,60.50858179025818,50.558105705305934,49.24699999999996,N-00783
65.0,900.0,2.477670324016495,2.657114743679046,12,12,2.0575108726617555,APOYO_LIMITADO,SI,AU_01_05,1,0,0,65.45566447020974,49.824171744287014,49.24699999999996,N-00784
70.0,900.0,8.827741616212837,2.6271380045951696,12,12,2.296644474004696,APOYO_LIMITADO,SI,AU_05_15,1,1,0,70.42438185226638,49.216691327281296,49.24699999999996,N-00785
75.0,900.0,17.01830870144135,3.710261931994092,12,12,2.644488607991427,APOYO_LIMITADO,SI,AU_15_50,1,1,1,75.41143194295,48.71636449918151,49.24699999999996,N-00786
80.0,900.0,11.63017079799044,2.5041385052717215,12,12,2.789356457304496,APOYO_LIMITADO,SI,AU_05_15,1,1,0,80.36425255297218,48.01596839725971,49.24699999999996,N-00787
85.0,900.0,5.677033351856385,2.7233364032252223,12,12,2.4545373105063755,APOYO_LIMITADO,SI,AU_05_15,1,1,0,85.23617978789844,46.84275534097105,49.24699999999996,N-00788
90.0,900.0,9.311232872450475,2.6136628599276004,12,12,1.857732513354708,APOYO_LIMITADO,SI,AU_05_15,1,1,0,90.06392633053474,45.41130877286196,49.24699999999996,N-00789
95.0,900.0,3.883159679112429,2.63247933286376,12,12,2.111771629488508,APOYO_LIMITADO,SI,AU_01_05,1,0,0,95.0351573463995,44.81852039601654,49.24699999999996,N-00790
100.0,900.0,2.591280972844195,2.679239425132728,12,12,2.322689618071222,APOYO_LIMITADO,SI,AU_01_05,1,0,0,99.99911650863942,44.18322846852243,49.24699999999996,N-00791
105.0,900.0,1.1338937227907913,2.6082805780935114,12,12,3.561412507204136,APOYO_LIMITADO,SI,AU_01_05,1,0,0,105.13640246144496,44.561021296307445,49.24699999999996,N-00792
110.0,900.0,0.4274384730202627,2.7614984267220417,11,12,3.506921360883091,APOYO_LIMITADO,SI,AU_00_01,0,0,0,110.05560360266827,43.6641214042902,49.24699999999996,N-00793
115.0,900.0,0.1272475203268555,2.5276034383326205,9,12,3.7839499006131354,APOYO_LIMITADO,SI,AU_00_01,0,0,0,115.03071150497999,43.09399319626391,49.24699999999996,N-00794
120.0,900.0,0.11746111677468087,3.198166078973235,7,12,1.5042369913150888,APOYO_LIMITADO,SI,AU_00_01,0,0,0,119.57465607183985,40.00374100077897,49.24699999999996,N-00795
125.0,900.0,0.15572514170825416,3.081247832067098,3,8,-2.471129232048507,APOYO_LIMITADO,SI,AU_00_01,0,0,0,123.83264933945611,35.24212050996721,49.24699999999996,N-00796
145.0,900.0,0.6541257494849197,2.569524912653994,6,8,1.3676017621573262,APOYO_LIMITADO,SI,AU_00_01,0,0,0,144.1935662527103,35.653116828761995,49.24699999999996,N-00800
150.0,900.0,1.3288918757551547,2.692342951227403,8,11,1.3995062502502011,APOYO_LIMITADO,SI,AU_01_05,1,0,0,149.1273369663395,34.84137521870434,49.24699999999996,N-00801
155.0,900.0,1.8003362627629838,2.5847253352847095,10,12,2.054085697083452,APOYO_LIMITADO,SI,AU_01_05,1,0,0,154.16611423541326,34.64339066389948,49.24699999999996,N-00802
160.0,900.0,0.6722188643518728,2.561575999592056,11,12,2.315753277389453,APOYO_LIMITADO,SI,AU_00_01,0,0,0,159.13863169879187,34.058121494948864,49.24699999999996,N-00803
165.0,900.0,1.6455832391672336,2.7014477760148186,10,12,1.93709018104918,APOYO_LIMITADO,SI,AU_01_05,1,0,0,164.00316518510226,32.841692419722676,49.24699999999996,N-00804
170.0,900.0,11.03309880687182,2.581337477720302,10,12,1.1703819506863895,APOYO_LIMITADO,SI,AU_05_15,1,1,0,168.8022595810471,31.242775762453675,49.24699999999996,N-00805
175.0,900.0,14.475757077586684,2.5605545873888937,8,11,1.812152771676569,APOYO_LIMITADO,SI,AU_05_15,1,1,0,173.83887683111243,31.032166025601327,49.24699999999996,N-00806
180.0,900.0,10.539445472639265,2.7560026105436837,5,8,1.5515340849463437,APOYO_LIMITADO,SI,AU_05_15,1,1,0,178.72331707074773,29.93209073599428,49.24699999999996,N-00807
340.0,900.0,3.2603566263295267,2.978559580906319,5,8,2.650258897285814,APOYO_LIMITADO,SI,AU_01_05,1,0,0,336.61709676031023,4.033026430755854,49.24699999999996,N-00839
345.0,900.0,1.1262835177901107,2.033348380777681,8,11,2.401939618826144,DATOS_CERCANOS,SI,AU_01_05,1,0,0,341.50361114530824,2.945074398070574,49.24699999999996,N-00840
350.0,900.0,1.8220774437810268,2.358526871649785,11,12,2.2329436894286285,DATOS_CERCANOS,SI,AU_01_05,1,0,0,346.4035024481127,1.935309650376439,49.24699999999996,N-00841
355.0,900.0,1.3397781071266424,2.463216451282221,10,12,3.0867391663991626,DATOS_CERCANOS,SI,AU_01_05,1,0,0,351.4758750764886,1.9336879691109061,49.24699999999996,N-00842
360.0,900.0,0.8952789803558739,2.605231930014383,9,12,3.069137519128069,APOYO_LIMITADO,SI,AU_00_01,0,0,0,356.40129718277603,1.0731492470949888,49.24699999999996,N-00843
365.0,900.0,1.389020460713315,2.3513119893654593,11,12,3.3757124721916,DATOS_CERCANOS,SI,AU_01_05,1,0,0,361.38138772838283,0.5321442913264036,49.24699999999996,N-00844
370.0,900.0,0.9524290769860225,2.3502473755234488,9,12,3.685442905874873,DATOS_CERCANOS,SI,AU_00_01,0,0,0,366.36201040714514,-0.005750374868512154,49.24699999999996,N-00845
375.0,900.0,0.4086257293602222,2.450551118492274,6,9,4.435663051655608,DATOS_CERCANOS,SI,AU_00_01,0,0,0,371.4169163162587,-0.10946399066597223,49.24699999999996,N-00846
380.0,900.0,0.37232772016734844,3.6078570519209685,3,6,5.791988311482957,APOYO_LIMITADO,SI,AU_00_01,0,0,0,376.5740344778169,0.38424691557884216,49.24699999999996,N-00847
10.0,905.0,1.8822146696848696,2.6327618604009873,7,11,-4.429058720487957,APOYO_LIMITADO,SI,AU_01_05,1,0,0,10.149488925584592,52.705583123490214,54.24699999999996,N-00850
15.0,905.0,3.3334223015950837,2.4008239928367807,11,12,-4.457254939413387,DATOS_CERCANOS,SI,AU_01_05,1,0,0,15.073124386253767,51.834601565264165,54.24699999999996,N-00851
20.0,905.0,10.49449122148822,2.483908862003566,12,12,-2.8198465383291347,DATOS_CERCANOS,SI,AU_05_15,1,1,0,20.27764379954897,52.60536996088922,54.24699999999996,N-00852
25.0,905.0,7.691107348168217,2.432518362442577,12,12,0.6210838427318199,DATOS_CERCANOS,SI,AU_05_15,1,1,0,25.78630524990149,55.15383043047041,54.24699999999996,N-00853
30.0,905.0,4.941439142672138,2.5151207051771025,12,12,1.6812498231221569,APOYO_LIMITADO,SI,AU_01_05,1,0,0,30.89347975270357,55.355623628012836,54.24699999999996,N-00854
35.0,905.0,9.001212387116647,2.374053371073343,12,12,0.1076491594643037,DATOS_CERCANOS,SI,AU_05_15,1,1,0,35.55650155781768,52.96137079130858,54.24699999999996,N-00855
40.0,905.0,2.7659047462226534,2.471564467496383,12,12,2.612904539020401,DATOS_CERCANOS,SI,AU_01_05,1,0,0,40.907372804242186,54.58755692653358,54.24699999999996,N-00856
45.0,905.0,0.9654079678937976,2.43362691289021,12,12,2.6781045451335173,DATOS_CERCANOS,SI,AU_00_01,0,0,0,45.846758401952684,53.80863397847861,54.24699999999996,N-00857
50.0,905.0,1.6670093745318064,2.456821399742137,12,12,2.3107362563885547,DATOS_CERCANOS,SI,AU_01_05,1,0,0,50.71319661999587,52.60333794634789,54.24699999999996,N-00858
55.0,905.0,2.382412194763721,2.4537583301669024,12,12,1.7266622355278076,DATOS_CERCANOS,SI,AU_01_05,1,0,0,55.543090053251944,51.18443982489407,54.24699999999996,N-00859
60.0,905.0,4.401541209019874,2.4396950689476564,12,12,1.9466681892142468,DATOS_CERCANOS,SI,AU_01_05,1,0,0,60.50858179025818,50.558105705305934,54.24699999999996,N-00860
65.0,905.0,3.9422916859745856,2.3708632520794124,12,12,1.7076151096429817,DATOS_CERCANOS,SI,AU_01_05,1,0,0,65.39665880717803,49.479287162423134,54.24699999999996,N-00861
70.0,905.0,8.996924814753482,2.079286691720056,12,12,2.2805220679886444,DATOS_CERCANOS,SI,AU_05_15,1,1,0,70.42166300467215,49.20079982560128,54.24699999999996,N-00862
75.0,905.0,15.715705379664097,1.4822432664174745,12,12,2.3378492053709987,DATOS_CERCANOS,SI,AU_15_50,1,1,1,75.35972093883902,48.41411676350981,54.24699999999996,N-00863
80.0,905.0,14.223145856815265,1.9488237405037965,12,12,2.056804628620505,DATOS_CERCANOS,SI,AU_05_15,1,1,0,80.24071660055779,47.293908121064305,54.24699999999996,N-00864
85.0,905.0,4.37235373047312,1.4458645431764618,12,12,1.6018922807645604,DATOS_CERCANOS,SI,AU_01_05,1,0,0,85.09239157836419,46.002321830019355,54.24699999999996,N-00865
90.0,905.0,8.9837352098584,1.4825931640933088,12,12,0.6970509972226997,DATOS_CERCANOS,SI,AU_05_15,1,1,0,89.86819151567761,44.26725045032799,54.24699999999996,N-00866
95.0,905.0,3.932531558950673,1.4584026755131156,12,12,1.480251004518789,DATOS_CERCANOS,SI,AU_01_05,1,0,0,94.92865907715168,44.19604436215013,54.24699999999996,N-00867
100.0,905.0,2.9787144548518327,1.7323908414992284,12,12,2.32875973698432,DATOS_CERCANOS,SI,AU_01_05,1,0,0,100.0001401604386,44.189211651682854,54.24699999999996,N-00868
105.0,905.0,1.3094564367995256,2.408968155468145,12,12,3.561412507204136,DATOS_CERCANOS,SI,AU_01_05,1,0,0,105.13640246144496,44.561021296307445,54.24699999999996,N-00869
110.0,905.0,0.4065119513756181,2.5740772251018584,12,12,3.506921360883091,APOYO_LIMITADO,SI,AU_00_01,0,0,0,110.05560360266827,43.6641214042902,54.24699999999996,N-00870
115.0,905.0,0.12254942674231983,2.4031865470231226,12,12,3.292555820292525,DATOS_CERCANOS,SI,AU_00_01,0,0,0,114.94784387247637,42.60963682550937,54.24699999999996,N-00871
120.0,905.0,0.10946142373803905,3.037806160487336,9,12,1.5042369913150888,APOYO_LIMITADO,SI,AU_00_01,0,0,0,119.57465607183985,40.00374100077897,54.24699999999996,N-00872
125.0,905.0,0.1446305501737023,2.99901453858074,3,11,-2.471129232048507,APOYO_LIMITADO,SI,AU_00_01,0,0,0,123.83264933945611,35.24212050996721,54.24699999999996,N-00873
145.0,905.0,0.6463432510046886,2.4703154204979514,6,8,1.3676017621573262,DATOS_CERCANOS,SI,AU_00_01,0,0,0,144.1935662527103,35.653116828761995,54.24699999999996,N-00877
150.0,905.0,1.3167815408013441,2.5978280480094016,8,11,1.3995062502502011,APOYO_LIMITADO,SI,AU_01_05,1,0,0,149.1273369663395,34.84137521870434,54.24699999999996,N-00878
155.0,905.0,1.8103337453560624,2.486122494742186,11,12,2.054085697083452,DATOS_CERCANOS,SI,AU_01_05,1,0,0,154.16611423541326,34.64339066389948,54.24699999999996,N-00879
160.0,905.0,0.6533085423151329,2.462046222491872,11,12,2.315753277389453,DATOS_CERCANOS,SI,AU_00_01,0,0,0,159.13863169879187,34.058121494948864,54.24699999999996,N-00880
165.0,905.0,1.597376646026784,2.607262949250778,10,12,1.93709018104918,APOYO_LIMITADO,SI,AU_01_05,1,0,0,164.00316518510226,32.841692419722676,54.24699999999996,N-00881
170.0,905.0,11.17265596693762,2.4826000833569357,10,12,1.1703819506863895,DATOS_CERCANOS,SI,AU_05_15,1,1,0,168.8022595810471,31.242775762453675,54.24699999999996,N-00882
175.0,905.0,14.61728980632012,2.460983501569802,8,11,1.812152771676569,DATOS_CERCANOS,SI,AU_05_15,1,1,0,173.83887683111243,31.032166025601327,54.24699999999996,N-00883
180.0,905.0,10.502265751444245,2.6637474334711344,5,8,1.5515340849463437,APOYO_LIMITADO,SI,AU_05_15,1,1,0,178.72331707074773,29.93209073599428,54.24699999999996,N-00884
340.0,905.0,3.1571246670987683,3.220530573835404,5,8,2.650258897285814,APOYO_LIMITADO,SI,AU_01_05,1,0,0,336.61709676031023,4.033026430755854,54.24699999999996,N-00916
345.0,905.0,1.3977149109030615,2.7715778429118605,8,11,2.4478356410644886,APOYO_LIMITADO,SI,AU_01_05,1,0,0,341.5113509510411,2.990313100628555,54.24699999999996,N-00917
350.0,905.0,1.7830605671485982,2.6575644873255464,11,12,2.2329436894286285,APOYO_LIMITADO,SI,AU_01_05,1,0,0,346.4035024481127,1.935309650376439,54.24699999999996,N-00918
355.0,905.0,1.3410210481277158,2.7508971783523917,10,12,3.0867391663991626,APOYO_LIMITADO,SI,AU_01_05,1,0,0,351.4758750764886,1.9336879691109061,54.24699999999996,N-00919
360.0,905.0,0.937022739595608,2.87875553133055,9,12,3.069137519128069,APOYO_LIMITADO,SI,AU_00_01,0,0,0,356.40129718277603,1.0731492470949888,54.24699999999996,N-00920
365.0,905.0,1.3373988396849479,2.651163531609004,11,12,3.3757124721916,APOYO_LIMITADO,SI,AU_01_05,1,0,0,361.38138772838283,0.5321442913264036,54.24699999999996,N-00921
370.0,905.0,0.9380358569413867,2.650219373213212,9,12,3.685442905874873,APOYO_LIMITADO,SI,AU_00_01,0,0,0,366.36201040714514,-0.005750374868512154,54.24699999999996,N-00922
375.0,905.0,0.43972075520621723,2.7395621519402527,6,9,4.435663051655608,APOYO_LIMITADO,SI,AU_00_01,0,0,0,371.4169163162587,-0.10946399066597223,54.24699999999996,N-00923
380.0,905.0,0.3881687747691412,3.810069882180068,3,6,5.791988311482957,APOYO_LIMITADO,SI,AU_00_01,0,0,0,376.5740344778169,0.38424691557884216,54.24699999999996,N-00924
15.0,910.0,3.4369016388799714,1.2429187425395167,9,12,-7.996385585302637,DATOS_CERCANOS,SI,AU_01_05,1,0,0,14.476293066050857,48.34615808259696,59.24699999999996,N-00928
20.0,910.0,5.583781490080939,3.141453601420334,12,12,-7.832873596686232,APOYO_LIMITADO,SI,AU_05_15,1,1,0,19.432257783482783,47.66413910035044,59.24699999999996,N-00929
25.0,910.0,2.3833502787746483,2.322902967189648,12,12,-0.6389335155402152,DATOS_CERCANOS,SI,AU_01_05,1,0,0,25.57381865393836,53.911858946084976,59.24699999999996,N-00930
30.0,910.0,2.4162969717118234,2.411677705553334,12,12,0.1759043440853496,DATOS_CERCANOS,SI,AU_01_05,1,0,0,30.639621554291807,53.871837593615055,59.24699999999996,N-00931
35.0,910.0,2.7354931346398184,2.385324436133643,12,12,-0.2470450208429784,DATOS_CERCANOS,SI,AU_01_05,1,0,0,35.49668670014944,52.61175651382655,59.24699999999996,N-00932
40.0,910.0,1.4564692351463562,1.6869473666138812,12,12,-0.7486526837134833,DATOS_CERCANOS,SI,AU_01_05,1,0,0,40.34048708132468,51.27414367441088,59.24699999999996,N-00933
45.0,910.0,1.2300792642065939,2.6020491255744944,12,12,-0.7678598722869443,APOYO_LIMITADO,SI,AU_01_05,1,0,0,45.26563843258191,50.412022405304015,59.24699999999996,N-00934
50.0,910.0,1.5153630419708248,1.6490384944708458,12,12,0.3258740337098038,DATOS_CERCANOS,SI,AU_01_05,1,0,0,50.37847375741694,50.646902771666646,59.24699999999996,N-00935
55.0,910.0,4.180137874549524,1.4851794891681245,12,12,0.2155551162676379,DATOS_CERCANOS,SI,AU_01_05,1,0,0,55.288260224391706,49.694974668323994,59.24699999999996,N-00936
60.0,910.0,4.747705400030543,1.9843865421503861,12,12,-0.5040174273988212,DATOS_CERCANOS,SI,AU_01_05,1,0,0,60.09530348039698,48.14251862466335,59.24699999999996,N-00937
65.0,910.0,12.357181238564106,2.3390214479681344,12,12,1.566133159546764,DATOS_CERCANOS,SI,AU_05_15,1,1,0,65.37279959779698,49.33983150590211,59.24699999999996,N-00938
70.0,910.0,7.141707103221417,3.4060876598179552,12,12,2.2805220679886444,APOYO_LIMITADO,SI,AU_05_15,1,1,0,70.42166300467215,49.20079982560128,59.24699999999996,N-00939
75.0,910.0,8.986355018793995,3.662928486995005,12,12,2.3378492053709987,APOYO_LIMITADO,SI,AU_05_15,1,1,0,75.35972093883902,48.41411676350981,59.24699999999996,N-00940
80.0,910.0,8.766024174376394,3.875295339912918,12,12,2.056804628620505,APOYO_LIMITADO,SI,AU_05_15,1,1,0,80.24071660055779,47.293908121064305,59.24699999999996,N-00941
85.0,910.0,5.570513746458781,3.745734143958228,12,12,1.6018922807645604,APOYO_LIMITADO,SI,AU_05_15,1,1,0,85.09239157836419,46.002321830019355,59.24699999999996,N-00942
90.0,910.0,6.225606337829176,3.6666141259398306,12,12,1.0343266629521428,APOYO_LIMITADO,SI,AU_05_15,1,1,0,89.92506895284168,44.59969567973167,59.24699999999996,N-00943
95.0,910.0,4.105073185039846,3.616204967081386,12,12,1.480251004518789,APOYO_LIMITADO,SI,AU_01_05,1,0,0,94.92865907715168,44.19604436215013,59.24699999999996,N-00944
100.0,910.0,3.7393488749093953,3.4933047430349715,12,12,2.32875973698432,APOYO_LIMITADO,SI,AU_01_05,1,0,0,100.0001401604386,44.189211651682854,59.24699999999996,N-00945
105.0,910.0,2.0880301561491508,4.995047668375833,12,12,2.636431332428684,APOYO_LIMITADO,SI,AU_01_05,1,0,0,104.98041564121377,43.64928763266653,59.24699999999996,N-00946
115.0,910.0,0.11769842706386315,0.524339694565351,12,12,1.560918231316172,DATOS_CERCANOS,SI,AU_00_01,0,0,0,114.6558242632309,40.90279962029308,59.24699999999996,N-00948
120.0,910.0,0.19735444098437946,4.524426264490572,10,12,1.560918231316172,APOYO_LIMITADO,SI,AU_00_01,0,0,0,119.58421467326116,40.059610456228256,59.24699999999996,N-00949
35.0,915.0,2.002973125856958,4.0131895501727755,10,12,-0.2470450208429784,APOYO_LIMITADO,SI,AU_01_05,1,0,0,35.49668670014944,52.61175651382655,64.24699999999996,N-01009
40.0,915.0,1.672465974823648,3.6416629604790707,8,12,-0.7486526837134833,APOYO_LIMITADO,SI,AU_01_05,1,0,0,40.34048708132468,51.27414367441088,64.24699999999996,N-01010
45.0,915.0,1.6809661884840632,4.145669710903495,9,12,-0.7678598722869443,APOYO_LIMITADO,SI,AU_01_05,1,0,0,45.26563843258191,50.412022405304015,64.24699999999996,N-01011
50.0,915.0,1.7419400610823677,3.624257945600224,9,12,0.3258740337098038,APOYO_LIMITADO,SI,AU_01_05,1,0,0,50.37847375741694,50.646902771666646,64.24699999999996,N-01012
55.0,915.0,3.0049635600815545,3.552699792417785,10,12,0.2155551162676379,APOYO_LIMITADO,SI,AU_01_05,1,0,0,55.288260224391706,49.694974668323994,64.24699999999996,N-01013
60.0,915.0,4.149336195077909,1.0696808583202133,12,12,-0.8084468276842925,DATOS_CERCANOS,SI,AU_01_05,1,0,0,60.043965166201815,47.84244923945516,64.24699999999996,N-01014
65.0,915.0,3.7663029735846494,0.4272603469492577,12,12,-1.0436154649050795,DATOS_CERCANOS,SI,AU_01_05,1,0,0,64.93269724701531,46.76745950616896,64.24699999999996,N-01015
70.0,915.0,3.3878367246102736,1.04577901199798,12,12,-0.8114124934552073,DATOS_CERCANOS,SI,AU_01_05,1,0,0,69.90024586278014,46.15314771886915,64.24699999999996,N-01016
75.0,915.0,0.3273616913346104,0.42808111583487457,12,12,-0.7324606177326611,DATOS_CERCANOS,SI,AU_00_01,0,0,0,74.84195054590236,45.38777968753129,64.24699999999996,N-01017
80.0,915.0,7.842955896115127,1.1484963679238587,12,12,-0.3445830388415858,DATOS_CERCANOS,SI,AU_05_15,1,1,0,79.83575178997125,44.92691294848919,64.24699999999996,N-01018
85.0,915.0,12.561037719704977,0.8937604222484481,12,12,-0.6363849632546497,DATOS_CERCANOS,SI,AU_05_15,1,1,0,84.71493335592095,43.79610102530569,64.24699999999996,N-01019
90.0,915.0,9.073646288520504,1.0560287140278546,12,12,-1.5832392204905892,DATOS_CERCANOS,SI,AU_05_15,1,1,0,89.48364831646904,42.01961837802082,64.24699999999996,N-01020
95.0,915.0,10.081492654134339,1.8971100365918938,12,12,-1.1518396095882772,DATOS_CERCANOS,SI,AU_05_15,1,1,0,94.48478902177885,41.601650352589786,64.24699999999996,N-01021
100.0,915.0,5.302383915197532,1.315890183789439,10,12,0.3620367212679267,DATOS_CERCANOS,SI,AU_05_15,1,1,0,99.66847625433002,42.250655896030366,64.24699999999996,N-01022
105.0,915.0,0.6095782563677052,0.808176332297288,5,12,1.1088260764250917,DATOS_CERCANOS,SI,AU_00_01,0,0,0,104.72280360234436,42.14356062468141,64.24699999999996,N-01023
110.0,915.0,0.5842501864206108,3.169090579875618,9,12,0.9300430572357988,APOYO_LIMITADO,SI,AU_00_01,0,0,0,109.62104443158023,41.12414895836264,64.24699999999996,N-01024
115.0,915.0,0.47856834117881614,1.0159118714544304,6,12,-0.1405187246758302,DATOS_CERCANOS,SI,AU_00_01,0,0,0,114.3688976232661,39.225730516947806,64.24699999999996,N-01025
120.0,915.0,0.6092602342423663,4.662357764933653,5,12,0.332148674711592,APOYO_LIMITADO,SI,AU_00_01,0,0,0,119.37699763884302,38.84843924548477,64.24699999999996,N-01026
80.0,920.0,4.128909615631214,4.455326378674033,7,12,-0.273823285716986,APOYO_LIMITADO,SI,AU_01_05,1,0,0,79.84768456127495,44.99665928538889,69.24699999999996,N-01095
85.0,920.0,6.627811487125576,4.2319071814464255,10,12,-0.6363849632546497,APOYO_LIMITADO,SI,AU_05_15,1,1,0,84.71493335592095,43.79610102530569,69.24699999999996,N-01096
90.0,920.0,9.38114599251211,4.26912489215898,10,12,-1.5832392204905892,APOYO_LIMITADO,SI,AU_05_15,1,1,0,89.48364831646904,42.01961837802082,69.24699999999996,N-01097
95.0,920.0,11.259132334967145,4.550742487873578,12,12,-1.1518396095882772,APOYO_LIMITADO,SI,AU_05_15,1,1,0,94.48478902177885,41.601650352589786,69.24699999999996,N-01098
100.0,920.0,5.187739533345982,4.31922602740281,12,12,0.3620367212679267,APOYO_LIMITADO,SI,AU_05_15,1,1,0,99.66847625433002,42.250655896030366,69.24699999999996,N-01099
105.0,920.0,2.0349894992914175,4.192528531099813,10,12,1.1088260764250917,APOYO_LIMITADO,SI,AU_01_05,1,0,0,104.72280360234436,42.14356062468141,69.24699999999996,N-01100
115.0,920.0,0.596900606279483,2.1349949561463015,12,12,-0.8127842128308408,DATOS_CERCANOS,SI,AU_00_01,0,0,0,114.25552822859026,38.56309316493571,69.24699999999996,N-01102
90.0,925.0,9.588652418408515,3.0950677487391824,9,12,-9.085447380143783,APOYO_LIMITADO,SI,AU_05_15,1,1,0,88.21849219535943,34.624856282025576,74.24699999999996,N-01174
95.0,925.0,12.090927732979809,3.221669728949976,10,12,-8.26307048476114,APOYO_LIMITADO,SI,AU_05_15,1,1,0,93.28556646232028,34.592265993356705,74.24699999999996,N-01175
100.0,925.0,8.071537135463139,3.0901738370060032,11,12,-7.499686662064064,APOYO_LIMITADO,SI,AU_05_15,1,1,0,98.34269226528704,34.50152752548456,74.24699999999996,N-01176
105.0,925.0,2.3695516496676485,3.1701595196963708,12,12,-6.154973706482499,APOYO_LIMITADO,SI,AU_01_05,1,0,0,103.49785215302836,34.983792438171804,74.24699999999996,N-01177
110.0,925.0,1.4179744499006002,2.9132265858542814,11,12,-6.043090326832395,APOYO_LIMITADO,SI,AU_01_05,1,0,0,108.44511033361778,34.250884268432856,74.24699999999996,N-01178
115.0,925.0,2.6264933743472754,2.835838813123597,12,12,-6.043609678016718,APOYO_LIMITADO,SI,AU_01_05,1,0,0,113.37341316125821,33.40718318987638,74.24699999999996,N-01179
120.0,925.0,7.731644525967922,2.508253981630181,11,12,-5.444164667718331,APOYO_LIMITADO,SI,AU_05_15,1,1,0,118.40289267839398,33.15485383011401,74.24699999999996,N-01180
125.0,925.0,1.2214686292395223,2.0886645270451716,9,12,-4.4540225882164,DATOS_CERCANOS,SI,AU_01_05,1,0,0,123.4982585022226,33.287626003846526,74.24699999999996,N-01181
130.0,925.0,1.9913247618221785,1.905890848092203,6,12,-3.4512025617447737,DATOS_CERCANOS,SI,AU_01_05,1,0,0,128.59576230763923,33.43289455305785,74.24699999999996,N-01182
135.0,925.0,1.1129592825906873,3.9788052748108167,7,11,-2.8240734982507703,APOYO_LIMITADO,SI,AU_01_05,1,0,0,133.62991040339693,33.20785275660455,74.24699999999996,N-01183
140.0,925.0,0.7777767665927479,1.730769371529268,6,12,-2.300304250603569,DATOS_CERCANOS,SI,AU_00_01,0,0,0,138.6466281239409,32.880931455641985,74.24699999999996,N-01184
145.0,925.0,1.3975424599447122,1.5909492196327222,8,11,-2.09244667250925,DATOS_CERCANOS,SI,AU_01_05,1,0,0,143.61007118527777,32.24262294918299,74.24699999999996,N-01185
150.0,925.0,0.6806009717081488,1.4319966172250989,10,12,-2.050154399309341,DATOS_CERCANOS,SI,AU_00_01,0,0,0,148.545593672432,31.4411203507334,74.24699999999996,N-01186
155.0,925.0,3.8699138183597537,1.2880075595618172,9,12,-1.723457239358824,DATOS_CERCANOS,SI,AU_01_05,1,0,0,153.52907758334186,30.91994941420853,74.24699999999996,N-01187
160.0,925.0,0.7985881414390213,2.053023914032948,9,12,-1.2374385312884657,DATOS_CERCANOS,SI,AU_00_01,0,0,0,158.53942913457286,30.555818233639002,74.24699999999996,N-01188
165.0,925.0,1.5541140255152803,2.543482125399501,8,12,-0.8618942153228644,APOYO_LIMITADO,SI,AU_01_05,1,0,0,163.53115052403882,30.08279486745596,74.24699999999996,N-01189
170.0,925.0,6.400350839803282,2.0385043955087907,9,11,-0.4607652855164504,DATOS_CERCANOS,SI,AU_05_15,1,1,0,168.527186447056,29.634989694692194,74.24699999999996,N-01190
175.0,925.0,12.367987613431913,3.077332936087145,7,10,-0.3504165144327338,APOYO_LIMITADO,SI,AU_05_15,1,1,0,173.47418583463877,28.90056889411062,74.24699999999996,N-01191
180.0,925.0,12.583810013378192,3.596724572752582,5,12,0.4217861131152089,APOYO_LIMITADO,SI,AU_05_15,1,1,0,178.53279882168863,28.818522930145264,74.24699999999996,N-01192
90.0,930.0,6.618850591850338,1.9181877825919735,5,12,-9.085447380143783,DATOS_CERCANOS,SI,AU_05_15,1,1,0,88.21849219535943,34.624856282025576,79.24699999999996,N-01251
95.0,930.0,11.47625657401294,2.11640162597563,8,12,-8.26307048476114,DATOS_CERCANOS,SI,AU_05_15,1,1,0,93.28556646232028,34.592265993356705,79.24699999999996,N-01252
100.0,930.0,8.764169857317789,1.910281220898139,9,12,-7.499686662064064,DATOS_CERCANOS,SI,AU_05_15,1,1,0,98.34269226528704,34.50152752548456,79.24699999999996,N-01253
105.0,930.0,2.3164381718257414,2.133052127896076,10,12,-6.154973706482499,DATOS_CERCANOS,SI,AU_01_05,1,0,0,103.49785215302836,34.983792438171804,79.24699999999996,N-01254
110.0,930.0,1.3706552747374392,2.0944901863051335,9,12,-6.043090326832395,DATOS_CERCANOS,SI,AU_01_05,1,0,0,108.44511033361778,34.250884268432856,79.24699999999996,N-01255
115.0,930.0,2.6586951637154703,2.453972651440572,10,12,-6.043609678016718,DATOS_CERCANOS,SI,AU_01_05,1,0,0,113.37341316125821,33.40718318987638,79.24699999999996,N-01256
120.0,930.0,8.519690345093712,2.506259770327867,9,12,-5.444164667718331,APOYO_LIMITADO,SI,AU_05_15,1,1,0,118.40289267839398,33.15485383011401,79.24699999999996,N-01257
125.0,930.0,1.769097205376817,3.1277019529579753,9,11,-4.4540225882164,APOYO_LIMITADO,SI,AU_01_05,1,0,0,123.4982585022226,33.287626003846526,79.24699999999996,N-01258
130.0,930.0,1.6460423269440863,3.1673995524470038,6,11,-3.4512025617447737,APOYO_LIMITADO,SI,AU_01_05,1,0,0,128.59576230763923,33.43289455305785,79.24699999999996,N-01259
135.0,930.0,1.1961431283488642,4.714964624985244,6,11,-2.8240734982507703,APOYO_LIMITADO,SI,AU_01_05,1,0,0,133.62991040339693,33.20785275660455,79.24699999999996,N-01260
140.0,930.0,0.9091747188885253,3.5107780643930977,6,11,-2.300304250603569,APOYO_LIMITADO,SI,AU_00_01,0,0,0,138.6466281239409,32.880931455641985,79.24699999999996,N-01261
145.0,930.0,1.0883390106753865,3.4439975928345095,7,11,-2.09244667250925,APOYO_LIMITADO,SI,AU_01_05,1,0,0,143.61007118527777,32.24262294918299,79.24699999999996,N-01262
150.0,930.0,0.9585383718797789,3.815837301529494,10,12,-2.050154399309341,APOYO_LIMITADO,SI,AU_00_01,0,0,0,148.545593672432,31.4411203507334,79.24699999999996,N-01263
155.0,930.0,1.5841652393967898,3.764168364126152,9,12,-1.723457239358824,APOYO_LIMITADO,SI,AU_01_05,1,0,0,153.52907758334186,30.91994941420853,79.24699999999996,N-01264
160.0,930.0,0.9643810402169538,3.1280836292515146,8,12,-1.2374385312884657,APOYO_LIMITADO,SI,AU_00_01,0,0,0,158.53942913457286,30.555818233639002,79.24699999999996,N-01265
165.0,930.0,1.7364282066090166,3.4697696353255103,9,12,-0.8618942153228644,APOYO_LIMITADO,SI,AU_01_05,1,0,0,163.53115052403882,30.08279486745596,79.24699999999996,N-01266
170.0,930.0,6.387824054478129,3.118573419130745,9,11,-0.4607652855164504,APOYO_LIMITADO,SI,AU_05_15,1,1,0,168.527186447056,29.634989694692194,79.24699999999996,N-01267
175.0,930.0,10.789127654200104,1.756307511553304,7,12,-0.1458962635510486,DATOS_CERCANOS,SI,AU_05_15,1,1,0,173.50867568643298,29.102160021662712,79.24699999999996,N-01268
180.0,930.0,18.294290484822223,2.246425527864739,8,12,0.4217861131152089,DATOS_CERCANOS,SI,AU_15_50,1,1,1,178.53279882168863,28.818522930145264,79.24699999999996,N-01269
185.0,930.0,3.679451231014145,3.1289533782314884,9,12,-8.823079544055702,APOYO_LIMITADO,SI,AU_01_05,1,0,0,181.9021551279584,18.862872380763292,79.24699999999996,N-01270
190.0,930.0,1.4759699905462176,1.1478180228822465,12,12,-8.963354727584324,DATOS_CERCANOS,SI,AU_01_05,1,0,0,186.8068898349302,17.88141704443842,79.24699999999996,N-01271
195.0,930.0,6.0780211876377,1.370519574769082,12,12,-9.04123074871981,DATOS_CERCANOS,SI,AU_05_15,1,1,0,191.72214740153868,16.961467193439603,79.24699999999996,N-01272
200.0,930.0,9.732586907899424,1.1470948519449817,12,12,-8.453598212350368,DATOS_CERCANOS,SI,AU_05_15,1,1,0,196.74963488860521,16.697494535706937,79.24699999999996,N-01273
205.0,930.0,6.107742411107183,1.2228379380494983,12,12,-7.283244133030438,DATOS_CERCANOS,SI,AU_05_15,1,1,0,201.87539127341006,17.007897727191448,79.24699999999996,N-01274
210.0,930.0,5.768227781902872,1.2352344330780085,12,12,-6.473488003337403,DATOS_CERCANOS,SI,AU_05_15,1,1,0,206.94033720181324,16.962867425754666,79.24699999999996,N-01275
215.0,930.0,12.974223030092277,3.7386433397426218,12,12,-6.338146184302223,APOYO_LIMITADO,SI,AU_05_15,1,1,0,211.89155136269983,16.253081724978983,79.24699999999996,N-01276
185.0,935.0,9.971132904486934,2.9203583486033566,9,12,-8.823079544055702,APOYO_LIMITADO,SI,AU_05_15,1,1,0,181.9021551279584,18.862872380763292,84.24699999999996,N-01347
190.0,935.0,13.361674763868676,0.23585982015678053,12,12,-8.963354727584324,DATOS_CERCANOS,SI,AU_05_15,1,1,0,186.8068898349302,17.88141704443842,84.24699999999996,N-01348
195.0,935.0,7.042215246360944,0.7851544726589185,12,12,-9.04123074871981,DATOS_CERCANOS,SI,AU_05_15,1,1,0,191.72214740153868,16.961467193439603,84.24699999999996,N-01349
200.0,935.0,7.368207049817518,1.0547280998538968,12,12,-8.453598212350368,DATOS_CERCANOS,SI,AU_05_15,1,1,0,196.74963488860521,16.697494535706937,84.24699999999996,N-01350
205.0,935.0,10.90151540491138,1.1366430345521326,12,12,-7.283244133030438,DATOS_CERCANOS,SI,AU_05_15,1,1,0,201.87539127341006,17.007897727191448,84.24699999999996,N-01351
210.0,935.0,16.440144410679363,1.1499690734642742,12,12,-6.473488003337403,DATOS_CERCANOS,SI,AU_15_50,1,1,1,206.94033720181324,16.962867425754666,84.24699999999996,N-01352
215.0,935.0,17.76448584792725,1.6572049765159076,12,12,-6.030095987963527,DATOS_CERCANOS,SI,AU_15_50,1,1,1,211.943500280031,16.55672005005181,84.24699999999996,N-01353
220.0,935.0,78.53041770627833,0.5350882305238629,12,12,-5.248924262206392,DATOS_CERCANOS,SI,AU_GE_50,1,1,1,217.00362579652574,16.48351472709328,84.24699999999996,N-01354
225.0,935.0,26.45898276746483,0.38157266420568475,12,12,-5.58875416595737,DATOS_CERCANOS,SI,AU_15_50,1,1,1,221.87470802816097,15.305362678132951,84.24699999999996,N-01355
230.0,935.0,14.158706659389654,0.3435926433048338,12,12,-5.083158354033436,DATOS_CERCANOS,SI,AU_05_15,1,1,0,226.88836101989727,14.96052822098136,84.24699999999996,N-01356
235.0,935.0,9.224481810644626,0.4821030925347431,12,12,-4.621195298214502,DATOS_CERCANOS,SI,AU_05_15,1,1,0,231.89465587807354,14.57268591132015,84.24699999999996,N-01357
240.0,935.0,10.692655330117303,0.36294375016277886,12,12,-3.456682236545204,DATOS_CERCANOS,SI,AU_05_15,1,1,0,237.01942724641412,14.877331740222871,84.24699999999996,N-01358
245.0,935.0,9.930283823047752,0.7085171166531457,11,12,-2.919171403687921,DATOS_CERCANOS,SI,AU_05_15,1,1,0,242.03846231801435,14.563955217599869,84.24699999999996,N-01359
190.0,940.0,10.444828653137488,4.788983958499397,12,12,-8.963354727584324,APOYO_LIMITADO,SI,AU_05_15,1,1,0,186.8068898349302,17.88141704443842,89.24699999999996,N-01425
195.0,940.0,8.009924144097047,2.310027947111398,12,12,-7.735862781869846,DATOS_CERCANOS,SI,AU_05_15,1,1,0,191.9422818258172,18.248139778152108,89.24699999999996,N-01426
200.0,940.0,3.1125234207694743,2.4514587199386355,12,12,-7.152884197131343,DATOS_CERCANOS,SI,AU_01_05,1,0,0,196.9689844804816,17.979579822160304,89.24699999999996,N-01427
205.0,940.0,13.943847831962996,2.8427169242014894,12,12,-6.3758484936086255,APOYO_LIMITADO,SI,AU_05_15,1,1,0,202.02841250703204,17.902297714725137,89.24699999999996,N-01428
210.0,940.0,28.90453583896973,2.9561882198550724,12,12,-5.402489091173687,APOYO_LIMITADO,SI,AU_15_50,1,1,1,207.12094813666772,18.018527571111917,89.24699999999996,N-01429
215.0,940.0,43.98772069971713,3.591516742424725,12,12,-4.684542878280641,APOYO_LIMITADO,SI,AU_15_50,1,1,1,212.1704114396125,17.883002248592675,89.24699999999996,N-01430
220.0,940.0,44.930192902383794,3.318056800216168,12,12,-5.248924262206392,APOYO_LIMITADO,SI,AU_15_50,1,1,1,217.00362579652574,16.48351472709328,89.24699999999996,N-01431
225.0,940.0,23.211731513465885,3.2967831613687637,12,12,-5.58875416595737,APOYO_LIMITADO,SI,AU_15_50,1,1,1,221.87470802816097,15.305362678132951,89.24699999999996,N-01432
230.0,940.0,18.181430977588242,3.292603440979311,12,12,-5.083158354033436,APOYO_LIMITADO,SI,AU_15_50,1,1,1,226.88836101989727,14.96052822098136,89.24699999999996,N-01433
235.0,940.0,8.43356901445394,3.309925211669768,12,12,-4.621195298214502,APOYO_LIMITADO,SI,AU_05_15,1,1,0,231.89465587807354,14.57268591132015,89.24699999999996,N-01434
240.0,940.0,6.928791540570931,3.2946789951067794,12,12,-3.456682236545204,APOYO_LIMITADO,SI,AU_05_15,1,1,0,237.01942724641412,14.877331740222871,89.24699999999996,N-01435
245.0,940.0,10.409321347365431,3.3503996805763463,12,12,-2.919171403687921,APOYO_LIMITADO,SI,AU_05_15,1,1,0,242.03846231801435,14.563955217599869,89.24699999999996,N-01436
195.0,945.0,6.881650027575289,2.8559112585015822,7,12,-7.735862781869846,APOYO_LIMITADO,SI,AU_05_15,1,1,0,191.9422818258172,18.248139778152108,94.24699999999996,N-01503
200.0,945.0,3.111230703627314,2.590299182635796,7,12,-7.152884197131343,APOYO_LIMITADO,SI,AU_01_05,1,0,0,196.9689844804816,17.979579822160304,94.24699999999996,N-01504
205.0,945.0,16.07611904652046,2.383493132178376,8,12,-6.3758484936086255,DATOS_CERCANOS,SI,AU_15_50,1,1,1,202.02841250703204,17.902297714725137,94.24699999999996,N-01505
210.0,945.0,30.839323212248278,2.054032324772402,8,12,-5.402489091173687,DATOS_CERCANOS,SI,AU_15_50,1,1,1,207.12094813666772,18.018527571111917,94.24699999999996,N-01506
215.0,945.0,46.006476970911386,1.555311065709072,12,12,-4.684542878280641,DATOS_CERCANOS,SI,AU_15_50,1,1,1,212.1704114396125,17.883002248592675,94.24699999999996,N-01507
220.0,945.0,26.3421019052514,0.45163574727520456,12,12,-4.435179760732371,DATOS_CERCANOS,SI,AU_15_50,1,1,1,217.14085390523542,17.285604841075838,94.24699999999996,N-01508
225.0,945.0,4.022418638217955,0.6240041143286135,12,12,-4.833531267608436,DATOS_CERCANOS,SI,AU_01_05,1,0,0,222.00206718058325,16.049769330769777,94.24699999999996,N-01509
230.0,945.0,16.35548976339241,0.4560902785128066,12,12,-4.596877370380064,DATOS_CERCANOS,SI,AU_15_50,1,1,1,226.97036639077123,15.439844724722207,94.24699999999996,N-01510
235.0,945.0,3.177658879580025,0.6701983741580083,12,12,-4.442324854525826,DATOS_CERCANOS,SI,AU_01_05,1,0,0,231.9248202019371,14.748994586057961,94.24699999999996,N-01511
240.0,945.0,12.454145147247052,0.3039862617329093,12,12,-3.9961751413821736,DATOS_CERCANOS,SI,AU_05_15,1,1,0,236.92844833247364,14.345565412193537,94.24699999999996,N-01512
245.0,945.0,12.777298237769138,0.8144751352369282,8,12,-3.5286423558484503,DATOS_CERCANOS,SI,AU_05_15,1,1,0,241.93568245787174,13.96321306284517,94.24699999999996,N-01513
230.0,950.0,6.3736576071083615,4.734766978654169,9,12,-4.596877370380064,APOYO_LIMITADO,SI,AU_05_15,1,1,0,226.97036639077123,15.439844724722207,99.24699999999996,N-01587
235.0,950.0,7.53002885223419,4.918248251229728,9,12,-4.442324854525826,APOYO_LIMITADO,SI,AU_05_15,1,1,0,231.9248202019371,14.748994586057961,99.24699999999996,N-01588
240.0,950.0,11.40328070423489,4.959073264968244,7,12,-3.9961751413821736,APOYO_LIMITADO,SI,AU_05_15,1,1,0,236.92844833247364,14.345565412193537,99.24699999999996,N-01589
0.0,955.0,5.943642787208393,5.0,5,8,-6.164778981802742,APOYO_LIMITADO,SI,AU_05_15,1,1,0,3.3760443329811096e-09,52.68110004719347,104.24699999999996,N-01618
0.0,960.0,38.08567683275505,0.0,6,8,-6.164778981802742,DATOS_CERCANOS,SI,AU_15_50,1,1,1,3.3760443329811096e-09,52.68110004719347,109.24699999999996,N-01695
5.0,960.0,4.303087199992899,0.9593768432600314,8,8,-6.862292314375427,DATOS_CERCANOS,SI,AU_01_05,1,0,0,4.810763276997022,51.150387284345925,109.24699999999996,N-01696
10.0,960.0,0.2558103463983482,0.05629109031613666,8,8,-7.180541121923,DATOS_CERCANOS,SI,AU_00_01,0,0,0,9.685484897927381,49.993507247418165,109.24699999999996,N-01697
15.0,960.0,5.8974570725745235,1.0964043920115216,5,8,-7.674935080559383,DATOS_CERCANOS,SI,AU_05_15,1,1,0,14.530501782428473,48.66300479788333,109.24699999999996,N-01698
